SRR11181956.1232674043	no rank	2697049	729	729	32	100	1	
SRR11181956.694182383	WCL51902.1	2697049	64	0	13	100	1	GGGATGAGTATCACCA-1
SRR11181956.1253158674	WCL51902.1	2697049	64	0	13	100	1	CTTCTCTGTCGCATCG-1
SRR11181956.1104549772	P0DTD3.1	2697049	784	0	33	100	1	CTCACACGTTAGATGA-1
SRR11181956.86932477	UIA44558.1	2697049	100	0	15	100	1	TCAATCTGTTGGGACA-1
SRR11181956.532226512	UIA44558.1	2697049	100	0	15	100	1	CAGTCCTAGCCACGCT-1
SRR11181956.741367445	no rank	2697049	729	729	32	100	1	
SRR11181956.665091746	no rank	2697049	36	36	11	100	1	AAGCCGCTCGTTACAG-1
SRR11181956.1311541289	no rank	2697049	36	36	11	100	1	AGATCTGTCTAACTGG-1
SRR11181956.858387562	no rank	2697049	324	324	23	100	1	GGTGAAGCACCGTTGG-1
SRR11181956.664607678	no rank	2697049	784	784	33	100	1	
SRR11181956.113973121	no rank	2697049	784	784	33	100	1	TGACTTTTCTGGTATG-1
SRR11181956.1342835667	UIA44558.1	2697049	81	0	14	100	1	CCTTTCTCACGAAATA-1
SRR11181956.1280943648	no rank	2697049	729	729	32	100	1	TGAGCCGCACATTCGA-1
SRR11181956.391376626	P0DTD3.1	2697049	784	0	33	100	1	CCGTTCACACGCATCG-1
SRR11181956.506819934	no rank	2697049	81	81	14	100	1	ACGAGCCAGTGTTTGC-1
SRR11181956.860840779	no rank	2697049	784	784	33	100	1	GGTGAAGCACCGTTGG-1
SRR11181956.930375123	WCL51902.1	2697049	81	0	14	100	1	ATAGACCAGGTACTCT-1
SRR11181956.605161446	no rank	2697049	784	784	33	100	1	CGTTGGGCAGTTTACG-1
SRR11181956.232699986	no rank	2697049	289	289	22	100	1	CACATTTAGCCCAACC-1
SRR11181956.484322269	WCL51902.1	2697049	100	0	15	100	1	GGGAATGTCCAAACTG-1
SRR11181956.831994645	UIA44558.1	2697049	81	0	14	100	1	GTGTGCGTCCGGCACA-1
SRR11181956.1024248780	no rank	2697049	784	784	33	100	1	AGATCTGTCTAACTGG-1
SRR11181956.717198909	no rank	2697049	36	36	11	100	1	GGCTCGATCCGAATGT-1
SRR11181956.125066308	no rank	2697049	729	729	32	100	1	GCATGATTCGAGAGCA-1
SRR11181956.824080471	no rank	2697049	36	36	11	100	1	CTGCTGTAGATCCGAG-1
SRR11181956.1390080912	no rank	2697049	784	784	33	100	1	TGAGCCGCACATTCGA-1
SRR11181956.1038601457	no rank	2697049	729	729	32	100	1	GTGCGGTAGGGCTTGA-1
SRR11181956.1396844483	no rank	2697049	729	729	32	100	1	
SRR11181956.1398012116	no rank	2697049	784	784	33	100	1	GTGCGGTAGGGCTTGA-1
SRR11181956.319688295	UIA44558.1	2697049	121	0	16	100	1	CTGGTCTAGGTCGGAT-1
SRR11181956.1121847544	no rank	2697049	729	729	32	100	1	TTAGGCATCTATCCCG-1
SRR11181956.830253559	no rank	2697049	729	729	32	100	1	GGTGAAGCACCGTTGG-1
SRR11181956.1011118453	no rank	2697049	729	729	32	100	1	GGTGAAGCACCGTTGG-1
SRR11181956.323909504	UIA44558.1	2697049	81	0	14	100	1	TCGGTAAGTGCCTGTG-1
SRR11181956.192589289	no rank	2697049	784	784	33	100	1	CAGTCCTCATGTCCTC-1
SRR11181956.1378180369	WCL51902.1	2697049	81	0	14	100	1	ACTGTCCTCTGCCCTA-1
SRR11181956.222323590	no rank	2697049	784	784	33	100	1	
SRR11181956.40909024	no rank	2697049	784	784	33	100	1	GGTGAAGCACCGTTGG-1
SRR11181956.1415657689	no rank	2697049	729	729	32	100	1	TGAGCCGCACATTCGA-1
SRR11181956.1169163786	UIA44558.1	2697049	64	0	13	100	1	CTACCCACAGGGCATA-1
SRR11181956.1000428609	no rank	2697049	784	784	33	100	1	
SRR11181956.1026965498	no rank	2697049	729	729	32	100	1	TTTATGCCAGGTTTCA-1
SRR11181956.111869767	no rank	2697049	784	784	33	100	1	CACATTTAGCCCAACC-1
SRR11181956.633941949	no rank	2697049	784	784	33	100	1	GGTGAAGCACCGTTGG-1
SRR11181956.927730689	no rank	2697049	784	784	33	100	1	
SRR11181956.92056451	XEA59115.1	2697049	576	0	29	100	1	GGTGAAGCACCGTTGG-1
SRR11181956.174460919	no rank	2697049	784	784	33	100	1	
SRR11181956.505611312	UIA44558.1	2697049	100	0	15	100	1	GAACGGACAGAGTGTG-1
SRR11181956.1225511020	no rank	2697049	784	784	33	100	1	
SRR11181956.1244176284	no rank	2697049	784	784	33	100	1	
SRR11181956.246657333	no rank	2697049	784	784	33	100	1	
SRR11181956.63896854	no rank	2697049	729	729	32	100	1	TTTATGCCAGGTTTCA-1
SRR11181956.588269721	no rank	2697049	81	81	14	100	1	ACTTACTAGACTAGGC-1
SRR11181956.1268778649	no rank	2697049	400	400	25	100	1	GGTGTTAGTAGCGTGA-1
SRR11181956.1066722833	no rank	2697049	784	784	33	100	1	CGTTGGGTCAGAAATG-1
SRR11181956.694689585	no rank	2697049	625	625	30	100	1	CTCCTAGCATTGTGCA-1
SRR11181956.987191390	no rank	2697049	100	100	15	100	1	CGCCAAGGTCTTGTCC-1
SRR11181956.868752063	QYG54366.1	2697049	81	36	14	100	1	ACGGGCTAGAATCTCC-1
SRR11181956.980429253	WCL51902.1	2697049	49	0	12	100	1	GTCTTCGCAGCTATTG-1
SRR11181956.875961405	no rank	2697049	729	729	32	100	1	
SRR11181956.528670074	WCL51902.1	2697049	81	0	14	100	1	TTATGCTAGAGGGATA-1
SRR11181956.1023949181	UIA44558.1	2697049	64	0	13	100	1	GTGCATATCCTTGCCA-1
SRR11181956.1009089885	no rank	2697049	784	784	33	100	1	CAGTCCTCATGTCCTC-1
SRR11181956.492982834	no rank	2697049	784	784	33	100	1	AGGGTGAAGGATATAC-1
SRR11181956.48011939	no rank	2697049	729	729	32	100	1	ACTTGTTAGAGCCCAA-1
SRR11181956.848943169	no rank	2697049	289	289	22	100	1	TCGCGAGTCCATTCTA-1
SRR11181956.254537007	no rank	2697049	729	729	32	100	1	ATCATGGAGTCCTCCT-1
SRR11181956.1399413820	no rank	2697049	729	729	32	100	1	ACAGCCGCAGTGACAG-1
SRR11181956.178271879	no rank	2697049	100	100	15	100	1	TTGTAGGAGGGCACTA-1
SRR11181956.977221246	no rank	2697049	729	729	32	100	1	CTCGTCACAGAAGCAC-1
SRR11181956.258525876	no rank	2697049	729	729	32	100	1	CTCACACGTTAGATGA-1
SRR11181956.691526280	UIA44558.1	2697049	100	0	15	100	1	CCCTCCTAGCGTTGCC-1
SRR11181956.277719670	no rank	2697049	729	729	32	100	1	GCAGTTAGTGAGTGAC-1
SRR11181956.1359998822	no rank	2697049	784	784	33	100	1	ACAGCTACATGAAGTA-1
SRR11181956.472151833	no rank	2697049	784	784	33	100	1	TTTATGCCAGGTTTCA-1
SRR11181956.632925851	P0DTD3.1	2697049	784	0	33	100	1	TGTGGTATCTGTCCGT-1
SRR11181956.1088367158	no rank	2697049	729	729	32	100	1	AGCAGCCTCACAGTAC-1
SRR11181956.470542835	no rank	2697049	64	64	13	100	1	CGTGTCTAGTTTAGGA-1
SRR11181956.903458816	no rank	2697049	729	729	32	100	1	
SRR11181956.978249602	ULM66311.1	2697049	400	0	25	100	1	
SRR11181956.680928079	no rank	2697049	256	256	21	100	1	GGTGAAGCACCGTTGG-1
SRR11181956.642618949	no rank	2697049	784	784	33	100	1	TGAGCCGCACATTCGA-1
SRR11181956.820033363	no rank	2697049	36	36	11	100	1	ACTATCTCACAGACAG-1
SRR11181956.1044850581	UIA44558.1	2697049	81	0	14	100	1	ATAAGAGAGTGTACCT-1
SRR11181956.764204864	no rank	2697049	784	784	33	100	1	CTCGTCACAGAAGCAC-1
SRR11181956.1414969039	no rank	2697049	784	784	33	100	1	
SRR11181956.625521892	no rank	2697049	729	729	32	100	1	
SRR11181956.819875322	WCL51902.1	2697049	81	0	14	100	1	TAGAGCTCAAACTGTC-1
SRR11181956.1391428366	WCL51902.1	2697049	81	0	14	100	1	CACTCCACAGTTCATG-1
SRR11181956.80560140	no rank	2697049	784	784	33	100	1	GGTGAAGCACCGTTGG-1
SRR11181956.1094328215	no rank	2697049	784	784	33	100	1	
SRR11181956.1314962941	no rank	2697049	729	729	32	100	1	
SRR11181956.725275856	no rank	2697049	324	324	23	100	1	
SRR11181956.197243086	no rank	2697049	784	784	33	100	1	CCAGCGATCGACGGAA-1
SRR11181956.539953181	no rank	2697049	784	784	33	100	1	CAGTCCTCAAGCCGTC-1
SRR11181956.1002924344	no rank	2697049	729	729	32	100	1	TACTTACTCCGTACAA-1
SRR11181956.953756691	WCL51902.1	2697049	64	0	13	100	1	ACACCAAGTTCACGGC-1
SRR11181956.1255503670	no rank	2697049	784	784	33	100	1	
SRR11181956.365897807	no rank	2697049	784	784	33	100	1	TGAGAGGCAGCTGCAC-1
SRR11181956.35025352	no rank	2697049	784	784	33	100	1	TGGCGCACATCGATTG-1
SRR11181956.450695242	no rank	2697049	784	784	33	100	1	GGTGAAGCACCGTTGG-1
SRR11181956.153671563	no rank	2697049	729	729	32	100	1	GCTGCTTGTTGATTGC-1
SRR11181956.1139543224	no rank	2697049	729	729	32	100	1	ACAGCTACATGAAGTA-1
SRR11181956.224108455	no rank	2697049	81	81	14	100	1	GCAATCACATTTGCTT-1
SRR11181956.1402481088	no rank	2697049	64	64	13	100	1	
SRR11181956.942316999	no rank	2697049	784	784	33	100	1	ACTTACTCAAGAGTCG-1
SRR11181956.924948114	no rank	2697049	81	81	14	100	1	GTACTTTGTTCTGAAC-1
SRR11181956.759629842	UIA44558.1	2697049	81	0	14	100	1	GCAGCCAAGCTGCCCA-1
SRR11181956.1249983686	no rank	2697049	784	784	33	100	1	TGAGCCGCACATTCGA-1
SRR11181956.702062432	no rank	2697049	361	361	24	100	1	ATCGAGTGTGTAAGTA-1
SRR11181956.1078428215	no rank	2697049	784	784	33	100	1	
SRR11181956.775508417	no rank	2697049	36	36	11	100	1	TATCTCAAGGCCCGTT-1
SRR11181956.239381214	no rank	2697049	49	49	12	100	1	TGAGCCGCACATTCGA-1
SRR11181956.1297538751	no rank	2697049	729	729	32	100	1	
SRR11181956.1175583688	no rank	2697049	49	49	12	100	1	CTGTTTACACGTAAGG-1
SRR11181956.293250640	ULM66311.1	2697049	576	0	29	100	1	
SRR11181956.737558002	no rank	2697049	784	784	33	100	1	CACCTTGAGTGGCACA-1
SRR11181956.70566033	no rank	2697049	81	81	14	100	1	CATGACAGTAAGGGAA-1
SRR11181956.54044263	no rank	2697049	784	784	33	100	1	TGACTTTCACGCCAGT-1
SRR11181956.1012056927	WCL51902.1	2697049	64	0	13	100	1	ACACCGGGTCCAGTTA-1
SRR11181956.774549021	WCL51902.1	2697049	36	0	11	100	1	ATAGACCTCTCGAGTA-1
SRR11181956.806002798	no rank	2697049	36	36	11	100	1	TATCAGGAGGCGTACA-1
SRR11181956.201025539	no rank	2697049	729	729	32	100	1	GGTGAAGCACCGTTGG-1
SRR11181956.1400371898	no rank	2697049	729	729	32	100	1	TTTATGCCAGGTTTCA-1
SRR11181956.573933570	no rank	2697049	784	784	33	100	1	
SRR11181956.88876169	WCL51902.1	2697049	100	0	15	100	1	GTACTCCGTCTCATCC-1
SRR11181956.285250505	no rank	2697049	784	784	33	100	1	CCACTACGTAGCTGCC-1
SRR11181956.905098399	no rank	2697049	729	729	32	100	1	CTGCTGTCATGAGCGA-1
SRR11181956.1188014360	no rank	2697049	729	729	32	100	1	CTCCTAGTCAAACGGG-1
SRR11181956.222179211	no rank	2697049	784	784	33	100	1	GGTGAAGCACCGTTGG-1
SRR11181956.1224812035	no rank	2697049	729	729	32	100	1	GAACATCAGCCGTCGT-1
SRR11181956.872900252	no rank	2697049	784	784	33	100	1	CGTTGGGTCAGAAATG-1
SRR11181956.848924220	no rank	2697049	256	256	21	100	1	GGTGAAGCACCGTTGG-1
SRR11181956.142684764	no rank	2697049	729	729	32	100	1	ACAGCCGCAGTGACAG-1
SRR11181956.829459116	UIA44558.1	2697049	100	0	15	100	1	AGGGAGTCATGCCTAA-1
SRR11181956.338668254	UIA44558.1	2697049	81	0	14	100	1	TGCTACCCAGTAGAGC-1
SRR11181956.1136216504	UIA44558.1	2697049	81	0	14	100	1	TACAGTGTCTAACGGT-1
SRR11181956.417505169	no rank	2697049	36	36	11	100	1	GTTCGGGTCAGAAATG-1
SRR11181956.28301752	USW38586.1	2697049	36	0	11	100	1	AAACCTGCAGATCCAT-1
SRR11181956.367907414	no rank	2697049	784	784	33	100	1	GACCAATGTTAGTGGG-1
SRR11181956.374393211	no rank	2697049	784	784	33	100	1	GGTGAAGCACCGTTGG-1
SRR11181956.1258073361	UIA44558.1	2697049	100	0	15	100	1	CAAGAAAAGACACGAC-1
SRR11181956.1273593289	UIA44558.1	2697049	64	0	13	100	1	TCTCATACACCTCGGA-1
SRR11181956.592258059	no rank	2697049	784	784	33	100	1	
SRR11181956.446596859	no rank	2697049	784	784	33	100	1	TGAGAGGCAGCTGCAC-1
SRR11181956.402058382	no rank	2697049	784	784	33	100	1	GGTGAAGCACCGTTGG-1
SRR11181956.761063006	no rank	2697049	729	729	32	100	1	TCGCGAGTCCATTCTA-1
SRR11181956.889379306	no rank	2697049	784	784	33	100	1	GGTGAAGCACCGTTGG-1
SRR11181956.319913354	UFE15474.2	2697049	36	0	11	100	1	AAACCTGGTCGCTTTC-1
SRR11181956.1081440817	UIA44558.1	2697049	81	0	14	100	1	TTCCCAGAGGAGCGTT-1
SRR11181956.639641226	no rank	2697049	784	784	33	100	1	CAGTCCTCAAGCCGTC-1
SRR11181956.166461363	no rank	2697049	289	289	22	100	1	GGTGAAGCACCGTTGG-1
SRR11181956.622563997	UKR28309.1	2697049	49	36	12	100	1	GAACATCCAGACAAGC-1
SRR11181956.1255199856	no rank	2697049	100	100	15	100	1	GTGTTAGTCACGACTA-1
SRR11181956.650113036	QSW00410.1	2697049	729	0	32	100	1	GTGCGGTGTACCGTAT-1
SRR11181956.753335516	WCL51902.1	2697049	64	0	13	100	1	AGTGTCACACGGTAAG-1
SRR11181956.351847681	no rank	2697049	81	81	14	100	1	CTCTACGGTCACCCAG-1
SRR11181956.666736222	UIA44558.1	2697049	81	0	14	100	1	CGGACGTCATAAGACA-1
SRR11181956.1048440983	no rank	2697049	100	100	15	100	1	AGCCTAATCTCTTGAT-1
SRR11181956.993504913	UIA44558.1	2697049	100	0	15	100	1	CCTTACGTCCGAGCCA-1
SRR11181956.102907536	no rank	2697049	784	784	33	100	1	
SRR11181956.871545284	no rank	2697049	729	729	32	100	1	ACAGCCGCAGTGACAG-1
SRR11181956.715227930	no rank	2697049	784	784	33	100	1	CGTTGGGCAGTTTACG-1
SRR11181956.774767231	UIA44558.1	2697049	81	0	14	100	1	TCATTTGGTTTACTCT-1
SRR11181956.879564701	UIA44558.1	2697049	100	0	15	100	1	ATTTCTGCACGGACAA-1
SRR11181956.847340834	no rank	2697049	784	784	33	100	1	CCGTTCACACGCATCG-1
SRR11181956.957673233	no rank	2697049	729	729	32	100	1	CTCGTCACAGAAGCAC-1
SRR11181956.956617234	no rank	2697049	784	784	33	100	1	GGTGAAGCACCGTTGG-1
SRR11181956.782178533	no rank	2697049	784	784	33	100	1	TCTTTCCTCGACAGCC-1
SRR11181956.1168056937	no rank	2697049	784	784	33	100	1	
SRR11181956.977569429	WCL51902.1	2697049	100	0	15	100	1	TTGACTTCATAAGACA-1
SRR11181956.597493129	no rank	2697049	729	729	32	100	1	ACTTACTAGACTAGGC-1
SRR11181956.2291178	UIA44558.1	2697049	81	0	14	100	1	GGGATGATCGATGAGG-1
SRR11181956.944776686	WCL51902.1	2697049	64	0	13	100	1	CAAGTTGAGTGCAAGC-1
SRR11181956.525339247	no rank	2697049	784	784	33	100	1	GGTGAAGCACCGTTGG-1
SRR11181956.948685007	UHN17730.1	2697049	36	0	11	100	1	CGCGGTAGTGTAAGTA-1
SRR11181956.1081146052	no rank	2697049	361	361	24	100	1	GGTGAAGCACCGTTGG-1
SRR11181956.245329926	no rank	2697049	784	784	33	100	1	
SRR11181956.4591032	no rank	2697049	729	729	32	100	1	GAAGCAGCACCGATAT-1
SRR11181956.391537332	no rank	2697049	729	729	32	100	1	GTAGGCCAGTGCCAGA-1
SRR11181956.516133610	no rank	2697049	729	729	32	100	1	GGTGAAGCACCGTTGG-1
SRR11181956.259746141	no rank	2697049	729	729	32	100	1	
SRR11181956.281069680	no rank	2697049	784	784	33	100	1	CCACTACGTAGCTGCC-1
SRR11181956.890071633	no rank	2697049	361	361	24	100	1	GACCAATGTTAGTGGG-1
SRR11181956.1373431780	no rank	2697049	784	784	33	100	1	GGTGAAGCACCGTTGG-1
SRR11181956.1212426707	no rank	2697049	729	729	32	100	1	CACATTTAGCCCAACC-1
SRR11181956.84642695	no rank	2697049	81	81	14	100	1	TTCGAAGAGGGCACTA-1
SRR11181956.205936041	no rank	2697049	784	784	33	100	1	GTGCGGTAGGGCTTGA-1
SRR11181956.779982001	no rank	2697049	729	729	32	100	1	GCTGCTTGTTGATTGC-1
SRR11181956.1408425011	UAU96985.1	2697049	324	0	23	100	1	
SRR11181956.236172916	no rank	2697049	784	784	33	100	1	CACCTTGAGTGGCACA-1
SRR11181956.934372358	no rank	2697049	784	784	33	100	1	
SRR11181956.499494175	no rank	2697049	729	729	32	100	1	ATCACGAAGGATTCGG-1
SRR11181956.1022130869	no rank	2697049	784	784	33	100	1	CACATTTAGCCCAACC-1
SRR11181956.1102102865	no rank	2697049	64	64	13	100	1	CTCACACGTTAGATGA-1
SRR11181956.1165922104	UIA44558.1	2697049	64	0	13	100	1	ATCATGGCATCCCACT-1
SRR11181956.190677167	no rank	2697049	784	784	33	100	1	TGAGCCGCACATTCGA-1
SRR11181956.747555343	no rank	2697049	784	784	33	100	1	TGGCGCACATCGATTG-1
SRR11181956.862380337	no rank	2697049	784	784	33	100	1	
SRR11181956.1133120139	no rank	2697049	784	784	33	100	1	GGTGAAGCACCGTTGG-1
SRR11181956.832726772	UIA44558.1	2697049	64	36	13	100	1	TTTGTCAAGATCCCAT-1
SRR11181956.1314957815	P0DTD2.1	2697049	784	0	33	100	1	
SRR11181956.1161278842	no rank	2697049	784	784	33	100	1	
SRR11181956.513187615	UIA44558.1	2697049	100	0	15	100	1	GTGTGCGTCCGGCACA-1
SRR11181956.914100413	no rank	2697049	729	729	32	100	1	GGTGAAGCACCGTTGG-1
SRR11181956.1194962266	no rank	2697049	289	289	22	100	1	AAACGGGTCAACACGT-1
SRR11181956.582101700	ULM66311.1	2697049	441	0	26	100	1	
SRR11181956.875001706	no rank	2697049	784	784	33	100	1	CTCGTCACAGAAGCAC-1
SRR11181956.191645757	no rank	2697049	729	729	32	100	1	CGATCGGCATTACCTT-1
SRR11181956.1008588317	UIA44558.1	2697049	64	0	13	100	1	ACCCACTTCCGCAAGC-1
SRR11181956.1166522057	no rank	2697049	729	729	32	100	1	CCACTACGTGGCAAAC-1
SRR11181956.1046385537	no rank	2697049	784	784	33	100	1	CACCTTGAGTGGCACA-1
SRR11181956.1302353423	no rank	2697049	729	729	32	100	1	CTCACACGTTAGATGA-1
SRR11181956.888534522	no rank	2697049	784	784	33	100	1	
SRR11181956.953918005	no rank	2697049	100	100	15	100	1	TAGTGGTAGAGTACCG-1
SRR11181956.35648084	P0DTG1.1	2697049	784	0	33	100	1	CACATTTAGCCCAACC-1
SRR11181956.1051963830	no rank	2697049	729	729	32	100	1	CAGTCCTCAAGCCGTC-1
SRR11181956.19374598	no rank	2697049	784	784	33	100	1	
SRR11181956.627611341	no rank	2697049	324	324	23	100	1	CACAAACGTTGGGACA-1
SRR11181956.1106191758	no rank	2697049	729	729	32	100	1	CACAAACGTCATTAGC-1
SRR11181956.1048763326	no rank	2697049	784	784	33	100	1	TGACTTTCACGCCAGT-1
SRR11181956.1021454657	no rank	2697049	729	729	32	100	1	
SRR11181956.1370750197	no rank	2697049	784	784	33	100	1	
SRR11181956.652040752	no rank	2697049	729	729	32	100	1	AACTTTCCAAGCGAGT-1
SRR11181956.318643076	no rank	2697049	784	784	33	100	1	
SRR11181956.1354051117	no rank	2697049	729	729	32	100	1	CCATTCGCACGGATAG-1
SRR11181956.80738257	no rank	2697049	784	784	33	100	1	
SRR11181956.1400660436	ULM66311.1	2697049	225	49	20	100	1	
SRR11181956.1395878071	UJR74790.2	2697049	64	0	13	100	1	TTAGGCACATCACAAC-1
SRR11181956.948333602	no rank	2697049	784	784	33	100	1	TTAACTCCAACACCCG-1
SRR11181956.867966580	UIA44558.1	2697049	81	0	14	100	1	GACGCGTTCAGAGACG-1
SRR11181956.530076596	no rank	2697049	729	729	32	100	1	AGGCCACCACACAGAG-1
SRR11181956.1146328224	P0DTD3.1	2697049	784	0	33	100	1	GGTGAAGCACCGTTGG-1
SRR11181956.741793807	no rank	2697049	625	625	30	100	1	
SRR11181956.586951177	UIA44558.1	2697049	100	0	15	100	1	AGGTCCGCATTACGAC-1
SRR11181956.721581506	UIA44558.1	2697049	100	36	15	100	1	CACCACTAGCGATAGC-1
SRR11181956.220531482	no rank	2697049	324	324	23	100	1	ATCGAGTCAGTCTTCC-1
SRR11181956.975461920	no rank	2697049	729	729	32	100	1	CCACTACGTAGCTGCC-1
SRR11181956.1397243331	no rank	2697049	100	100	15	100	1	GGACAGAGTCCAGTAT-1
SRR11181956.117959932	WCL51902.1	2697049	49	0	12	100	1	GCTGGGTCATGCCTAA-1
SRR11181956.1157982879	no rank	2697049	729	729	32	100	1	CAGTCCTCATGTCCTC-1
SRR11181956.434751910	UIA44558.1	2697049	100	0	15	100	1	TTAGTTCAGAAGGTTT-1
SRR11181956.730240727	WFH08539.1	2697049	36	0	11	100	1	AAACCTGCAGATCCAT-1
SRR11181956.670314731	no rank	2697049	784	784	33	100	1	GGTGAAGCACCGTTGG-1
SRR11181956.1033136337	UIA44558.1	2697049	81	0	14	100	1	TGCCAAAGTATCTGCA-1
SRR11181956.937242076	UIA44558.1	2697049	100	0	15	100	1	CGTTAGACAAGTTGTC-1
SRR11181956.463598121	UIA44558.1	2697049	81	0	14	100	1	ATCGAGTGTCCGAACC-1
SRR11181956.1001687345	no rank	2697049	784	784	33	100	1	TCGCGAGTCCATTCTA-1
SRR11181956.1243726547	no rank	2697049	784	784	33	100	1	CACATTTAGCCCAACC-1
SRR11181956.1102061149	UIA44558.1	2697049	100	0	15	100	1	TTTGCGCGTTTAAGCC-1
SRR11181956.856043015	no rank	2697049	729	729	32	100	1	GCAGTTAGTGAGTGAC-1
SRR11181956.373337437	no rank	2697049	676	676	31	100	1	GGTGAAGCACCGTTGG-1
SRR11181956.617172662	no rank	2697049	729	729	32	100	1	CAGTCCTCATGTCCTC-1
SRR11181956.746589807	no rank	2697049	784	784	33	100	1	
SRR11181956.584130551	no rank	2697049	784	784	33	100	1	
SRR11181956.440991813	UIA44558.1	2697049	81	0	14	100	1	GGGATGATCGATGAGG-1
SRR11181956.393713269	no rank	2697049	81	81	14	100	1	
SRR11181956.772635671	no rank	2697049	324	324	23	100	1	
SRR11181956.337971793	no rank	2697049	784	784	33	100	1	TGGCGCATCCGGGTGT-1
SRR11181956.1337613573	no rank	2697049	784	784	33	100	1	TGTGGTATCTGTCCGT-1
SRR11181956.71307535	no rank	2697049	784	784	33	100	1	GAACATCAGCCGTCGT-1
SRR11181956.1172683585	no rank	2697049	784	784	33	100	1	GAACATCAGCCGTCGT-1
SRR11181956.1061971088	no rank	2697049	49	49	12	100	1	AGCATACTCTACTTAC-1
SRR11181956.625027737	no rank	2697049	784	784	33	100	1	
SRR11181956.1353333411	no rank	2697049	729	729	32	100	1	CTCACACGTTAGATGA-1
SRR11181956.192579585	UIA44558.1	2697049	81	0	14	100	1	TTGACTTCAGATCCAT-1
SRR11181956.899726100	UIA44558.1	2697049	100	0	15	100	1	AAACGGGGTACATGTC-1
SRR11181956.807671140	no rank	2697049	729	729	32	100	1	ACAGCTACATGAAGTA-1
SRR11181956.873727033	no rank	2697049	784	784	33	100	1	GGTGAAGCACCGTTGG-1
SRR11181956.825976330	no rank	2697049	729	729	32	100	1	TGTGTTTCACGAGAGT-1
SRR11181956.588877414	no rank	2697049	81	81	14	100	1	CCTACCACAATCACAC-1
SRR11181956.1117882293	WCL51902.1	2697049	64	0	13	100	1	CAAGTTGTCCGCATAA-1
SRR11181956.788546859	UIA44558.1	2697049	100	0	15	100	1	CTGCGGACAGGTCTCG-1
SRR11181956.97913157	UIA44558.1	2697049	100	0	15	100	1	GGGCATCGTTATCGGT-1
SRR11181956.892113024	no rank	2697049	729	729	32	100	1	GGTGAAGCACCGTTGG-1
SRR11181956.1394663737	UIA44558.1	2697049	64	0	13	100	1	CGATCGGTCAAGGTAA-1
SRR11181956.1120732391	no rank	2697049	784	784	33	100	1	
SRR11181956.318842953	no rank	2697049	100	100	15	100	1	TGGTTCCAGGATATAC-1
SRR11181956.1370231697	WCL51902.1	2697049	81	0	14	100	1	GTTTCTATCAGCGACC-1
SRR11181956.1144223497	no rank	2697049	729	729	32	100	1	CACATTTAGCCCAACC-1
SRR11181956.1285461432	no rank	2697049	676	676	31	100	1	
SRR11181956.1160073721	no rank	2697049	784	784	33	100	1	AAGACCTAGATGGCGT-1
SRR11181956.1220333930	no rank	2697049	784	784	33	100	1	GGTGAAGCACCGTTGG-1
SRR11181956.815481456	no rank	2697049	729	729	32	100	1	GCATGATTCGAGAGCA-1
SRR11181956.1184189991	no rank	2697049	784	784	33	100	1	ACTTACTCAAGAGTCG-1
SRR11181956.1184532371	no rank	2697049	729	729	32	100	1	CAGTCCTCAAGCCGTC-1
SRR11181956.1246536533	no rank	2697049	784	784	33	100	1	
SRR11181956.1117672973	no rank	2697049	729	729	32	100	1	CTCGTCACAGAAGCAC-1
SRR11181956.62788894	no rank	2697049	784	784	33	100	1	
SRR11181956.1229486524	no rank	2697049	289	289	22	100	1	ATCGAGTCAGTCTTCC-1
SRR11181956.546270488	no rank	2697049	729	729	32	100	1	CCGTTCAGTAGCGTAG-1
SRR11181956.708162134	no rank	2697049	729	729	32	100	1	AGCCTAATCGAGCCCA-1
SRR11181956.1049411262	no rank	2697049	361	361	24	100	1	GGTGAAGCACCGTTGG-1
SRR11181956.806530237	no rank	2697049	784	784	33	100	1	CTCACACGTTAGATGA-1
SRR11181956.1219402695	UIA44558.1	2697049	64	0	13	100	1	AAGCCGCAGGGCATGT-1
SRR11181956.521757876	UIA44558.1	2697049	100	0	15	100	1	AACCGCGGTCTGGTCG-1
SRR11181956.571953978	no rank	2697049	784	784	33	100	1	GGTGAAGCACCGTTGG-1
SRR11181956.1301429985	no rank	2697049	100	100	15	100	1	
SRR11181956.719486762	no rank	2697049	729	729	32	100	1	CTCACACGTTAGATGA-1
SRR11181956.468230493	WCL51902.1	2697049	64	0	13	100	1	TGACAACGTTCCCTTG-1
SRR11181956.344881040	UIA44558.1	2697049	100	0	15	100	1	ATAAGAGAGTGTACCT-1
SRR11181956.666485118	no rank	2697049	784	784	33	100	1	CGGACTGCATTACCTT-1
SRR11181956.898115787	no rank	2697049	784	784	33	100	1	CCGTTCACACGCATCG-1
SRR11181956.911294233	no rank	2697049	784	784	33	100	1	
SRR11181956.338770496	no rank	2697049	784	784	33	100	1	TTAACTCCAACACCCG-1
SRR11181956.820645467	no rank	2697049	729	729	32	100	1	
SRR11181956.2367241	no rank	2697049	784	784	33	100	1	GGTGAAGCACCGTTGG-1
SRR11181956.272820518	no rank	2697049	36	36	11	100	1	CATCAAGCACCATCCT-1
SRR11181956.190126967	no rank	2697049	324	324	23	100	1	
SRR11181956.190511765	UIA44558.1	2697049	121	0	16	100	1	TCGAGGCAGCATGGCA-1
SRR11181956.38999102	no rank	2697049	729	729	32	100	1	TCGCGAGTCCATTCTA-1
SRR11181956.1288709642	no rank	2697049	784	784	33	100	1	GTGCGGTAGAATGTGT-1
SRR11181956.639269090	no rank	2697049	784	784	33	100	1	AACTTTCCAAGCGAGT-1
SRR11181956.1223132599	no rank	2697049	729	729	32	100	1	TGACTTTCACGCCAGT-1
SRR11181956.958157888	no rank	2697049	64	64	13	100	1	CGGACTGGTATATCCG-1
SRR11181956.522296155	no rank	2697049	324	324	23	100	1	CACATTTAGCCCAACC-1
SRR11181956.1365684430	no rank	2697049	784	784	33	100	1	TTAACTCCAACACCCG-1
SRR11181956.1323483874	UXP04849.2	2697049	64	0	13	100	1	TAGACCACACGGTAGA-1
SRR11181956.1193920358	no rank	2697049	784	784	33	100	1	CCAATCCCAAACGTGG-1
SRR11181956.142172532	WCL51902.1	2697049	81	0	14	100	1	ATTTCTGAGAACAACT-1
SRR11181956.964320845	no rank	2697049	121	121	16	100	1	GGTGAAGCACCGTTGG-1
SRR11181956.717020291	no rank	2697049	49	49	12	100	1	CATTCGCGTCCTCCAT-1
SRR11181956.733193593	UIA44558.1	2697049	81	0	14	100	1	GACGCGTAGACCTTTG-1
SRR11181956.898091353	no rank	2697049	784	784	33	100	1	CCAGCGATCGACGGAA-1
SRR11181956.617970154	no rank	2697049	81	81	14	100	1	CGTGTCTTCAATCTCT-1
SRR11181956.9777860	no rank	2697049	625	625	30	100	1	CGTTGGGTCAGAAATG-1
SRR11181956.1020438885	no rank	2697049	729	729	32	100	1	CACCTTGAGTGGCACA-1
SRR11181956.590948231	no rank	2697049	729	729	32	100	1	GGTGAAGCACCGTTGG-1
SRR11181956.114119450	no rank	2697049	729	729	32	100	1	
SRR11181956.687306901	no rank	2697049	169	169	18	100	1	
SRR11181956.1187938828	no rank	2697049	784	784	33	100	1	
SRR11181956.1183642059	no rank	2697049	729	729	32	100	1	TGGCGCACATCGATTG-1
SRR11181956.320924142	UIA44558.1	2697049	81	0	14	100	1	CATTCGCAGTGAAGAG-1
SRR11181956.212480699	no rank	2697049	64	64	13	100	1	CGCCAAGGTCTTGTCC-1
SRR11181956.1116504750	WFH08539.1	2697049	36	0	11	100	1	GCTTGAACATTAACCG-1
SRR11181956.359985436	no rank	2697049	784	784	33	100	1	
SRR11181956.239944844	no rank	2697049	729	729	32	100	1	GGTGTTAGTAGCGTGA-1
SRR11181956.1080344543	no rank	2697049	100	100	15	100	1	CTTGGCTTCTCATTCA-1
SRR11181956.672387691	WCP36159.1	2697049	324	0	23	100	1	AGGGTGAAGCTCCCAG-1
SRR11181956.1317284384	no rank	2697049	784	784	33	100	1	
SRR11181956.678000068	no rank	2697049	36	36	11	100	1	TAGAGCTCATTTGCCC-1
SRR11181956.403537509	WCL51902.1	2697049	64	0	13	100	1	ACGCCGAAGGATGGAA-1
SRR11181956.190017856	WCL51902.1	2697049	49	0	12	100	1	ATGAGGGTCACTGGGC-1
SRR11181956.1267132622	no rank	2697049	81	81	14	100	1	CGCCAAGGTCTTGTCC-1
SRR11181956.858096443	WCP36159.1	2697049	256	0	21	100	1	TGAGGGACAGATAATG-1
SRR11181956.84863985	UIA44558.1	2697049	81	0	14	100	1	TTTGCGCGTTTAAGCC-1
SRR11181956.905808171	no rank	2697049	729	729	32	100	1	GTGCGGTAGGGCTTGA-1
SRR11181956.135940249	no rank	2697049	784	784	33	100	1	ATGCGATTCACAAACC-1
SRR11181956.923540022	WCL51902.1	2697049	64	0	13	100	1	CGTGAGCCAGGGCATA-1
SRR11181956.879533051	no rank	2697049	64	64	13	100	1	ACATACGTCAGTGTTG-1
SRR11181956.846248178	no rank	2697049	784	784	33	100	1	
SRR11181956.1406403178	no rank	2697049	784	784	33	100	1	
SRR11181956.1045133305	no rank	2697049	36	36	11	100	1	AACTCCCTCCGAGCCA-1
SRR11181956.92814264	QRK43735.1	2697049	784	0	33	100	1	CACATTTAGCCCAACC-1
SRR11181956.83101828	no rank	2697049	784	784	33	100	1	ATCGAGTCAGTCTTCC-1
SRR11181956.744018371	no rank	2697049	784	784	33	100	1	AAGACCTAGATGGCGT-1
SRR11181956.951303558	no rank	2697049	784	784	33	100	1	CTCACACGTTAGATGA-1
SRR11181956.1208723867	no rank	2697049	676	676	31	100	1	CACATTTAGCCCAACC-1
SRR11181956.199648381	no rank	2697049	784	784	33	100	1	GGTGAAGCACCGTTGG-1
SRR11181956.91240380	no rank	2697049	784	784	33	100	1	ATCGAGTCAGTCTTCC-1
SRR11181956.1411208479	no rank	2697049	784	784	33	100	1	CACATTTAGCCCAACC-1
SRR11181956.1333560652	no rank	2697049	729	729	32	100	1	GGTGAAGCACCGTTGG-1
SRR11181956.968154844	no rank	2697049	784	784	33	100	1	CATTCGCCATTAACCG-1
SRR11181956.169796920	no rank	2697049	324	324	23	100	1	
SRR11181956.713213012	no rank	2697049	784	784	33	100	1	CACCTTGAGTGGCACA-1
SRR11181956.655858515	WCL51902.1	2697049	81	0	14	100	1	GTATTCTCATGTAGTC-1
SRR11181956.183649405	no rank	2697049	144	144	17	100	1	CAGTCCTCAAGCCGTC-1
SRR11181956.172895295	no rank	2697049	729	729	32	100	1	TCGCGAGTCCATTCTA-1
SRR11181956.1037205622	no rank	2697049	484	484	27	100	1	ACATACGTCAGTGTTG-1
SRR11181956.857763762	no rank	2697049	784	784	33	100	1	CTAATGGGTATAGGGC-1
SRR11181956.1001155482	UIA44558.1	2697049	100	0	15	100	1	GTTAAGCCATCGGACC-1
SRR11181956.1305266224	no rank	2697049	729	729	32	100	1	
SRR11181956.1376472228	no rank	2697049	81	81	14	100	1	AAACCTGAGCTGCAAG-1
SRR11181956.1291920193	WCL51902.1	2697049	49	0	12	100	1	GACCAATGTCGTGGCT-1
SRR11181956.687154743	no rank	2697049	36	36	11	100	1	ATTCTACCATACGCTA-1
SRR11181956.43854590	no rank	2697049	784	784	33	100	1	ACACCGGCACGCCAGT-1
SRR11181956.1336855042	no rank	2697049	729	729	32	100	1	ACTTGTTAGAGCCCAA-1
SRR11181956.1289265439	WCL51902.1	2697049	81	0	14	100	1	CAAGAAAAGACACGAC-1
SRR11181956.346047733	no rank	2697049	784	784	33	100	1	
SRR11181956.469258709	no rank	2697049	729	729	32	100	1	TGAGCCGCACATTCGA-1
SRR11181956.710587220	no rank	2697049	784	784	33	100	1	
SRR11181956.1299580285	P0DTD2.1	2697049	144	100	17	100	1	
SRR11181956.1370197667	no rank	2697049	729	729	32	100	1	
SRR11181956.1399794072	UXH91196.1	2697049	361	0	24	100	1	TGTGTTTCACGAGAGT-1
SRR11181956.412409702	no rank	2697049	324	324	23	100	1	CGTTGGGCAGTTTACG-1
SRR11181956.40206873	no rank	2697049	784	784	33	100	1	TTAACTCCAACACCCG-1
SRR11181956.329116336	no rank	2697049	729	729	32	100	1	CGATCGGCATTACCTT-1
SRR11181956.994547678	WCL51902.1	2697049	64	0	13	100	1	GAATAAGCAGTATAAG-1
SRR11181956.23771689	UIA44558.1	2697049	100	0	15	100	1	CGCCAAGAGATCCCAT-1
SRR11181956.1288331253	no rank	2697049	729	729	32	100	1	GGTGAAGCACCGTTGG-1
SRR11181956.1226751159	ULM66311.1	2697049	625	0	30	100	1	
SRR11181956.422786969	no rank	2697049	36	36	11	100	1	ACATACGTCAGTGTTG-1
SRR11181956.1410592993	P0DTD2.1	2697049	784	0	33	100	1	ATTGGACCATCCGTGG-1
SRR11181956.251359867	WCL51902.1	2697049	36	0	11	100	1	GGGTTGCTCGCATGGC-1
SRR11181956.1272668954	no rank	2697049	784	784	33	100	1	
SRR11181956.472682378	WCL51902.1	2697049	64	0	13	100	1	TCAGCAAGTGACGCCT-1
SRR11181956.46778276	no rank	2697049	784	784	33	100	1	
SRR11181956.810162359	no rank	2697049	729	729	32	100	1	CATTCGCCATTAACCG-1
SRR11181956.336915466	no rank	2697049	64	64	13	100	1	CTCACACGTTAGATGA-1
SRR11181956.223886331	UIA44558.1	2697049	64	0	13	100	1	TCAGGATGTGTCAATC-1
SRR11181956.107285941	no rank	2697049	784	784	33	100	1	
SRR11181956.257272089	no rank	2697049	729	729	32	100	1	CACCTTGTCATTTGGG-1
SRR11181956.964257886	WCL51902.1	2697049	81	0	14	100	1	CTCGAGGCAGACAAAT-1
SRR11181956.1243331600	no rank	2697049	784	784	33	100	1	TGAGCCGCACATTCGA-1
SRR11181956.554122738	no rank	2697049	81	81	14	100	1	TCTCATAGTCTTGATG-1
SRR11181956.1184853149	UIA44558.1	2697049	100	0	15	100	1	CGGACACCACGGCTAC-1
SRR11181956.1248589128	UIA44558.1	2697049	81	0	14	100	1	GGATTACAGGTGACCA-1
SRR11181956.1163963675	no rank	2697049	729	729	32	100	1	AGCAGCCTCACAGTAC-1
SRR11181956.807714656	no rank	2697049	64	64	13	100	1	ACATACGTCAGTGTTG-1
SRR11181956.1415209344	no rank	2697049	784	784	33	100	1	CTCACACGTTAGATGA-1
SRR11181956.141908203	no rank	2697049	729	729	32	100	1	GGTGAAGCACCGTTGG-1
SRR11181956.190427288	no rank	2697049	81	81	14	100	1	GGATTACCACCAGGTC-1
SRR11181956.26667007	no rank	2697049	225	225	20	100	1	CAGTCCTCAAGCCGTC-1
SRR11181956.28661643	no rank	2697049	784	784	33	100	1	GGTGTTAGTAGCGTGA-1
SRR11181956.3890461	no rank	2697049	225	225	20	100	1	AGGCCACCACACAGAG-1
SRR11181956.1409391690	no rank	2697049	196	196	19	100	1	GGTGAAGCACCGTTGG-1
SRR11181956.923786487	ULM66311.1	2697049	625	0	30	100	1	
SRR11181956.658857538	no rank	2697049	784	784	33	100	1	TGACTTTTCTGGTATG-1
SRR11181956.546532159	no rank	2697049	784	784	33	100	1	TTAACTCCAACACCCG-1
SRR11181956.1169722040	no rank	2697049	784	784	33	100	1	TGGCGCATCCGGGTGT-1
SRR11181956.227600033	no rank	2697049	64	64	13	100	1	CAAGATCTCGTTTAGG-1
SRR11181956.859060328	no rank	2697049	784	784	33	100	1	GGTGAAGCACCGTTGG-1
SRR11181956.1368071616	no rank	2697049	324	324	23	100	1	AACTCAGCACAACGTT-1
SRR11181956.187767518	no rank	2697049	784	784	33	100	1	TGTGGTATCTGTCCGT-1
SRR11181956.639798441	no rank	2697049	784	784	33	100	1	CGTTGGGTCAGAAATG-1
SRR11181956.717124903	no rank	2697049	36	36	11	100	1	CGGGTCAGTCCCTTGT-1
SRR11181956.1192548337	no rank	2697049	729	729	32	100	1	TGAGAGGCAGCTGCAC-1
SRR11181956.951928641	no rank	2697049	81	81	14	100	1	ACTTACTAGACTAGGC-1
SRR11181956.19419032	UIS94210.1	2697049	36	0	11	100	1	CACAAACCACCAGTTA-1
SRR11181956.479418845	no rank	2697049	784	784	33	100	1	CTCACACGTTAGATGA-1
SRR11181956.729175660	no rank	2697049	729	729	32	100	1	GGTGAAGCACCGTTGG-1
SRR11181956.923287427	no rank	2697049	169	169	18	100	1	GCCTCTAAGGGTATCG-1
SRR11181956.360949906	no rank	2697049	729	729	32	100	1	GGGTCTGGTATATGGA-1
SRR11181956.660320278	no rank	2697049	784	784	33	100	1	CACCTTGAGTGGCACA-1
SRR11181956.110017592	UIA44558.1	2697049	81	0	14	100	1	AGGGATGCATGGTAGG-1
SRR11181956.828600944	no rank	2697049	784	784	33	100	1	CTCGTCACAGAAGCAC-1
SRR11181956.239677115	UIA44558.1	2697049	100	0	15	100	1	CTCACACCATCCAACA-1
SRR11181956.400427316	UPG42297.1	2697049	529	0	28	100	1	GGTGAAGCACCGTTGG-1
SRR11181956.41987090	no rank	2697049	324	324	23	100	1	GGTGAAGCACCGTTGG-1
SRR11181956.999227916	no rank	2697049	784	784	33	100	1	
SRR11181956.1324826477	no rank	2697049	784	784	33	100	1	CATTCGCCATTAACCG-1
SRR11181956.277778370	WCL51902.1	2697049	100	0	15	100	1	CACCTTGTCTCTGCTG-1
SRR11181956.300534766	no rank	2697049	729	729	32	100	1	CACATTTAGCCCAACC-1
SRR11181956.1203149655	no rank	2697049	729	729	32	100	1	GGTGAAGCACCGTTGG-1
SRR11181956.607919147	WCL51902.1	2697049	49	0	12	100	1	ATTTCTGAGCGCTCCA-1
SRR11181956.1254573111	UIA44558.1	2697049	100	0	15	100	1	TACGGTAAGGAGTAGA-1
SRR11181956.38865687	P0DTD3.1	2697049	784	0	33	100	1	TCATTACAGCGTGAGT-1
SRR11181956.1094336551	UKR28309.1	2697049	49	36	12	100	1	CACCTTGGTTAAAGTG-1
SRR11181956.1400012543	no rank	2697049	361	361	24	100	1	
SRR11181956.127193181	no rank	2697049	729	729	32	100	1	
SRR11181956.249023910	no rank	2697049	784	784	33	100	1	
SRR11181956.372600168	no rank	2697049	729	729	32	100	1	
SRR11181956.489429889	WCL51902.1	2697049	49	0	12	100	1	AAACCTGCAATGGTCT-1
SRR11181956.498520299	no rank	2697049	81	81	14	100	1	TGAGCCGCACATTCGA-1
SRR11181956.802978080	UIA44558.1	2697049	81	0	14	100	1	GTCTCGTTCGTACCGG-1
SRR11181956.1245535791	no rank	2697049	784	784	33	100	1	CACCTTGAGTGGCACA-1
SRR11181956.924548711	UPD46762.1	2697049	100	0	15	100	1	TTTGGTTAGCCTATGT-1
SRR11181956.747753262	no rank	2697049	784	784	33	100	1	
SRR11181956.418301311	no rank	2697049	784	784	33	100	1	
SRR11181956.778022101	no rank	2697049	100	100	15	100	1	AGGGTGAAGGATATAC-1
SRR11181956.536006129	no rank	2697049	784	784	33	100	1	TGGCGCACATCGATTG-1
SRR11181956.1317288093	no rank	2697049	100	100	15	100	1	CATGGCGAGCGTAATA-1
SRR11181956.1355140121	WCL51902.1	2697049	36	0	11	100	1	ACTTACTGTGTTGGGA-1
SRR11181956.1376493674	no rank	2697049	784	784	33	100	1	CTGTTTAGTTCGCTAA-1
SRR11181956.25741198	UHJ15804.1	2697049	64	0	13	100	1	CAGTAACTCTTCCTTC-1
SRR11181956.1400520864	UIA44558.1	2697049	81	0	14	100	1	TGATTTCAGGCTCTTA-1
SRR11181956.289295610	no rank	2697049	784	784	33	100	1	TGACTTTCACGCCAGT-1
SRR11181956.1311693373	no rank	2697049	784	784	33	100	1	CTCACACGTTAGATGA-1
SRR11181956.824185126	WCL51902.1	2697049	100	0	15	100	1	CGGACACGTCAAAGAT-1
SRR11181956.1021538172	ULM66311.1	2697049	676	0	31	100	1	
SRR11181956.1252570832	no rank	2697049	100	100	15	100	1	TGAGGGACATCCGGGT-1
SRR11181956.251069050	no rank	2697049	784	784	33	100	1	
SRR11181956.1258573982	no rank	2697049	729	729	32	100	1	TGGCGCACATCGATTG-1
SRR11181956.406854441	no rank	2697049	289	289	22	100	1	GATTCAGCATGCCTAA-1
SRR11181956.1036209771	UIA44558.1	2697049	81	0	14	100	1	CTCTAATGTCGAAAGC-1
SRR11181956.429580137	no rank	2697049	784	784	33	100	1	CTCGAAAGTTCAACCA-1
SRR11181956.651960754	no rank	2697049	784	784	33	100	1	
SRR11181956.289124640	no rank	2697049	784	784	33	100	1	ACGGAGAAGCTAGTTC-1
SRR11181956.1008242852	no rank	2697049	784	784	33	100	1	TGAGAGGCAGCTGCAC-1
SRR11181956.560075430	UIA44558.1	2697049	81	0	14	100	1	CGGACGTCATAAGACA-1
SRR11181956.1097439808	no rank	2697049	729	729	32	100	1	ATCGAGTCAGTCTTCC-1
SRR11181956.1120689527	no rank	2697049	729	729	32	100	1	
SRR11181956.731818555	UIA44558.1	2697049	64	0	13	100	1	GGGTTGCCATTCTCAT-1
SRR11181956.1168055797	P0DTD3.1	2697049	784	0	33	100	1	ACGGGCTCACGACTCG-1
SRR11181956.702475163	UIA44558.1	2697049	49	36	12	100	1	CGCCAAGAGATCCCAT-1
SRR11181956.1032009588	no rank	2697049	784	784	33	100	1	
SRR11181956.1290764609	no rank	2697049	729	729	32	100	1	AGCCTAATCGAGCCCA-1
SRR11181956.689100120	no rank	2697049	36	36	11	100	1	
SRR11181956.1271063148	UIA44558.1	2697049	81	0	14	100	1	CACATTTGTCCATGAT-1
SRR11181956.743710521	no rank	2697049	36	36	11	100	1	GAGTCCGGTCCCGACA-1
SRR11181956.718810863	no rank	2697049	729	729	32	100	1	
SRR11181956.1210025277	no rank	2697049	49	49	12	100	1	TAGACCAGTCGCTTCT-1
SRR11181956.905702629	no rank	2697049	784	784	33	100	1	TGACTTTCACGCCAGT-1
SRR11181956.1341032094	no rank	2697049	784	784	33	100	1	GGTGAAGCACCGTTGG-1
SRR11181956.418195610	no rank	2697049	784	784	33	100	1	ACACCGGCACGCCAGT-1
SRR11181956.541583644	no rank	2697049	784	784	33	100	1	
SRR11181956.812865105	no rank	2697049	784	784	33	100	1	
SRR11181956.371202472	UIA44558.1	2697049	81	0	14	100	1	CGTCCATCAAACTGTC-1
SRR11181956.249317589	UHO03845.2	2697049	36	0	11	100	1	GCTGCAGAGTCTCAAC-1
SRR11181956.1325432883	no rank	2697049	729	729	32	100	1	
SRR11181956.1086488569	no rank	2697049	784	784	33	100	1	ACAGCTACATGAAGTA-1
SRR11181956.317953286	no rank	2697049	784	784	33	100	1	GGTGAAGCACCGTTGG-1
SRR11181956.375162173	no rank	2697049	324	324	23	100	1	CGTTGGGCAGTTTACG-1
SRR11181956.1194268795	no rank	2697049	729	729	32	100	1	GGTGAAGCACCGTTGG-1
SRR11181956.109030865	no rank	2697049	784	784	33	100	1	CCAGCGATCGACGGAA-1
SRR11181956.43548362	no rank	2697049	729	729	32	100	1	GCTGCTTGTTGATTGC-1
SRR11181956.1318553805	no rank	2697049	729	729	32	100	1	TGACTTTCACGCCAGT-1
SRR11181956.853883060	no rank	2697049	81	81	14	100	1	GTAGGCCAGTGCCAGA-1
SRR11181956.787692537	UHJ15804.1	2697049	81	0	14	100	1	TTAGGACGTGGTGTAG-1
SRR11181956.1158027866	no rank	2697049	784	784	33	100	1	
SRR11181956.1057749254	no rank	2697049	784	784	33	100	1	CTCGTCACAGAAGCAC-1
SRR11181956.42489485	no rank	2697049	100	100	15	100	1	CGCCAAGGTCTTGTCC-1
SRR11181956.492170784	no rank	2697049	784	784	33	100	1	
SRR11181956.663700536	no rank	2697049	784	784	33	100	1	CCACTACGTGGCAAAC-1
SRR11181956.1026940893	no rank	2697049	784	784	33	100	1	TGCTACCAGTTACCCA-1
SRR11181956.20740541	no rank	2697049	81	81	14	100	1	GGATTACCACCAGGTC-1
SRR11181956.1176475657	no rank	2697049	729	729	32	100	1	GTGCGGTAGAATGTGT-1
SRR11181956.155474418	ULM66311.1	2697049	289	0	22	100	1	
SRR11181956.1308133685	UIA44558.1	2697049	81	0	14	100	1	TGACTAGTCCGCAGTG-1
SRR11181956.61698099	UIA44558.1	2697049	100	0	15	100	1	GTTCGGGTCCTACAGA-1
SRR11181956.1163350645	no rank	2697049	256	256	21	100	1	GGTGAAGCACCGTTGG-1
SRR11181956.1027504723	UPD46762.1	2697049	100	0	15	100	1	CTAAGACGTGCAACGA-1
SRR11181956.1269779194	UJV15164.1	2697049	529	0	28	100	1	CAAGGCCAGTAGATGT-1
SRR11181956.792342413	no rank	2697049	784	784	33	100	1	GGTGAAGCACCGTTGG-1
SRR11181956.193537641	P0DTD2.1	2697049	784	0	33	100	1	ATTGGACCATCCGTGG-1
SRR11181956.416809665	no rank	2697049	729	729	32	100	1	
SRR11181956.761725605	no rank	2697049	784	784	33	100	1	GGTGAAGCACCGTTGG-1
SRR11181956.544590496	no rank	2697049	729	729	32	100	1	
SRR11181956.1417550973	ULM66311.1	2697049	729	0	32	100	1	
SRR11181956.1197481681	no rank	2697049	361	361	24	100	1	CCGTTCACACGCATCG-1
SRR11181956.435969655	no rank	2697049	729	729	32	100	1	
SRR11181956.74889732	WCL51902.1	2697049	81	0	14	100	1	AAACCTGGTTCCGGCA-1
SRR11181956.309695948	no rank	2697049	784	784	33	100	1	CACATTTAGCCCAACC-1
SRR11181956.442864899	ULM66311.1	2697049	729	0	32	100	1	
SRR11181956.52343377	no rank	2697049	784	784	33	100	1	ACTTGTTAGAGCCCAA-1
SRR11181956.998107587	no rank	2697049	784	784	33	100	1	CTGCTGTCATGAGCGA-1
SRR11181956.327857658	no rank	2697049	784	784	33	100	1	
SRR11181956.1011129154	no rank	2697049	784	784	33	100	1	CTGTTTAGTTCGCTAA-1
SRR11181956.294105961	no rank	2697049	784	784	33	100	1	
SRR11181956.1269332340	no rank	2697049	784	784	33	100	1	GGTGAAGCACCGTTGG-1
SRR11181956.301412003	no rank	2697049	784	784	33	100	1	AGGCCACCACACAGAG-1
SRR11181956.587624847	no rank	2697049	729	729	32	100	1	CTCACACGTTAGATGA-1
SRR11181956.453230054	no rank	2697049	784	784	33	100	1	CACATTTAGCCCAACC-1
SRR11181956.155248280	no rank	2697049	784	784	33	100	1	CCAGCGATCGACGGAA-1
SRR11181956.1320633703	no rank	2697049	729	729	32	100	1	CTCGTCACAGAAGCAC-1
SRR11181956.433333334	no rank	2697049	729	729	32	100	1	CTCACACGTTAGATGA-1
SRR11181956.673538449	no rank	2697049	529	529	28	100	1	CAGTCCTCAAGCCGTC-1
SRR11181956.681644722	UIA44558.1	2697049	100	0	15	100	1	TACTTACGTGTCTGAT-1
SRR11181956.99847939	no rank	2697049	784	784	33	100	1	TCATTACAGCGTGAGT-1
SRR11181956.614894224	UIA44558.1	2697049	100	0	15	100	1	CTGATCCAGTTGTAGA-1
SRR11181956.446416205	no rank	2697049	784	784	33	100	1	
SRR11181956.1268143933	no rank	2697049	729	729	32	100	1	CTCACACGTTAGATGA-1
SRR11181956.1010765927	no rank	2697049	100	100	15	100	1	CACATTTAGCCCAACC-1
SRR11181956.519823831	no rank	2697049	784	784	33	100	1	CACATTTAGCCCAACC-1
SRR11181956.407780371	no rank	2697049	361	361	24	100	1	GTAGGCCAGTGCCAGA-1
SRR11181956.1128219701	WCL51902.1	2697049	64	0	13	100	1	CGACCTTGTCAGAAGC-1
SRR11181956.811048689	no rank	2697049	784	784	33	100	1	TCATTACAGCGTGAGT-1
SRR11181956.1250428046	WCL51902.1	2697049	100	0	15	100	1	GACCTGGAGCTTATCG-1
SRR11181956.553185744	no rank	2697049	784	784	33	100	1	CTCACACGTTAGATGA-1
SRR11181956.1007047718	no rank	2697049	784	784	33	100	1	GTGTTAGTCACGACTA-1
SRR11181956.470888972	no rank	2697049	784	784	33	100	1	TGAGAGGCAGCTGCAC-1
SRR11181956.639606337	no rank	2697049	729	729	32	100	1	GTGTTAGTCACGACTA-1
SRR11181956.287075225	no rank	2697049	784	784	33	100	1	CACATTTAGCCCAACC-1
SRR11181956.124389359	no rank	2697049	784	784	33	100	1	GGTGAAGCACCGTTGG-1
SRR11181956.757687824	WCL51902.1	2697049	64	0	13	100	1	ACATGGTTCAACGAAA-1
SRR11181956.426605766	no rank	2697049	361	361	24	100	1	GGTGAAGCACCGTTGG-1
SRR11181956.1106062909	no rank	2697049	784	784	33	100	1	AGCAGCCTCACAGTAC-1
SRR11181956.379531658	no rank	2697049	784	784	33	100	1	CTCGAAAGTTCAACCA-1
SRR11181956.755966409	no rank	2697049	784	784	33	100	1	
SRR11181956.532433763	no rank	2697049	289	289	22	100	1	CAGGTGCGTGCGGTAA-1
SRR11181956.592465533	no rank	2697049	784	784	33	100	1	
SRR11181956.21516363	no rank	2697049	729	729	32	100	1	
SRR11181956.244529152	no rank	2697049	729	729	32	100	1	GACCAATGTTAGTGGG-1
SRR11181956.815817741	no rank	2697049	784	784	33	100	1	ACAGCTACATGAAGTA-1
SRR11181956.550217995	UIA44558.1	2697049	121	0	16	100	1	CGCGGTACATACTACG-1
SRR11181956.484745441	ULM66311.1	2697049	576	0	29	100	1	
SRR11181956.638975283	no rank	2697049	729	729	32	100	1	GCAGCCATCTTGAGAC-1
SRR11181956.82094137	no rank	2697049	121	121	16	100	1	CAGCAGCAGCCACGCT-1
SRR11181956.706876619	UIA44558.1	2697049	81	0	14	100	1	CATCAGAAGCCGTCGT-1
SRR11181956.661239013	XHC88419.1	2697049	49	0	12	100	1	GTTCATTGTACAGTTC-1
SRR11181956.1240085328	no rank	2697049	784	784	33	100	1	
SRR11181956.775434945	no rank	2697049	729	729	32	100	1	GCTGCTTGTTGATTGC-1
SRR11181956.217340464	WCL51902.1	2697049	36	0	11	100	1	ATCCGAATCATTTGGG-1
SRR11181956.45505638	no rank	2697049	784	784	33	100	1	CACATTTAGCCCAACC-1
SRR11181956.440659073	no rank	2697049	784	784	33	100	1	
SRR11181956.1367986796	no rank	2697049	784	784	33	100	1	GGTGAAGCACCGTTGG-1
SRR11181956.587064106	no rank	2697049	784	784	33	100	1	
SRR11181956.579871998	no rank	2697049	784	784	33	100	1	GGTGAAGCACCGTTGG-1
SRR11181956.1015085016	no rank	2697049	324	324	23	100	1	GACCAATGTTAGTGGG-1
SRR11181956.247027920	no rank	2697049	784	784	33	100	1	CATTCGCCATTAACCG-1
SRR11181956.619726265	P0DTD3.1	2697049	784	0	33	100	1	ACGGGCTCACGACTCG-1
SRR11181956.711944418	no rank	2697049	784	784	33	100	1	TGTCCCAGTTATGCGT-1
SRR11181956.1405184979	P0DTD3.1	2697049	784	0	33	100	1	ACAGCTACATGAAGTA-1
SRR11181956.604907340	WCL51902.1	2697049	81	0	14	100	1	TTGACTTCATAAGACA-1
SRR11181956.1386267530	WCL51902.1	2697049	64	0	13	100	1	CAGCCGAAGCTATGCT-1
SRR11181956.829929109	no rank	2697049	784	784	33	100	1	
SRR11181956.657186270	no rank	2697049	784	784	33	100	1	
SRR11181956.32660596	no rank	2697049	81	81	14	100	1	
SRR11181956.1357292658	WGO68407.1	2697049	64	36	13	100	1	TGTATTCTCTGCAAGT-1
SRR11181956.8139632	no rank	2697049	81	81	14	100	1	TTCCCAGCACACGCTG-1
SRR11181956.753350658	no rank	2697049	784	784	33	100	1	CTGTTTAGTTCGCTAA-1
SRR11181956.592865709	QRK43735.1	2697049	784	0	33	100	1	CACATTTAGCCCAACC-1
SRR11181956.460042887	no rank	2697049	784	784	33	100	1	AGGCCACCACACAGAG-1
SRR11181956.792991375	no rank	2697049	729	729	32	100	1	CACAAACGTCATTAGC-1
SRR11181956.462008610	no rank	2697049	144	144	17	100	1	CTCCTAGCATTGTGCA-1
SRR11181956.1042200647	no rank	2697049	289	289	22	100	1	ACTTACTAGACTAGGC-1
SRR11181956.13817644	no rank	2697049	784	784	33	100	1	
SRR11181956.54400365	WCL51902.1	2697049	64	0	13	100	1	ACGAGCCGTCCGAAGA-1
SRR11181956.165558067	no rank	2697049	729	729	32	100	1	GGTGAAGCACCGTTGG-1
SRR11181956.836786116	no rank	2697049	729	729	32	100	1	
SRR11181956.170764483	UIA44558.1	2697049	81	0	14	100	1	CTCGTCATCGACCAGC-1
SRR11181956.315717651	UPD46762.1	2697049	81	0	14	100	1	CTAAGACGTGCAACGA-1
SRR11181956.111085168	WGU22064.1	2697049	36	0	11	100	1	AGAATAGGTCGTCTTC-1
SRR11181956.1180685207	WCL51902.1	2697049	64	0	13	100	1	ACGGAGAAGCGATAGC-1
SRR11181956.721788156	no rank	2697049	196	196	19	100	1	TGTGTTTCACGAGAGT-1
SRR11181956.54667626	no rank	2697049	729	729	32	100	1	CGATCGGCATTACCTT-1
SRR11181956.1289041310	UIA44558.1	2697049	100	0	15	100	1	AAACCTGCACGAAATA-1
SRR11181956.1313481372	no rank	2697049	324	324	23	100	1	GCTGCTTGTGATGATA-1
SRR11181956.746707644	no rank	2697049	729	729	32	100	1	AAGACCTAGATGGCGT-1
SRR11181956.758187213	WFH08539.1	2697049	36	0	11	100	1	AGCCTAACACGTGAGA-1
SRR11181956.274429630	no rank	2697049	784	784	33	100	1	TGTCCCAGTTATGCGT-1
SRR11181956.1334343649	no rank	2697049	784	784	33	100	1	TGTGGTATCTGTCCGT-1
SRR11181956.1265175744	no rank	2697049	784	784	33	100	1	CTCGTCACAGAAGCAC-1
SRR11181956.216586529	ULM66311.1	2697049	225	49	20	100	1	
SRR11181956.1061446237	no rank	2697049	784	784	33	100	1	TACTTACTCCGTACAA-1
SRR11181956.588005666	UIA44558.1	2697049	81	0	14	100	1	CAGAATCTCTAACGGT-1
SRR11181956.343797713	no rank	2697049	729	729	32	100	1	CTCGTCACAGAAGCAC-1
SRR11181956.1177918243	no rank	2697049	784	784	33	100	1	
SRR11181956.441457640	no rank	2697049	729	729	32	100	1	
SRR11181956.1285581570	no rank	2697049	784	784	33	100	1	TACTTACTCCGTACAA-1
SRR11181956.927815452	WCL51902.1	2697049	64	0	13	100	1	CACCTTGTCTCTGCTG-1
SRR11181956.719277392	no rank	2697049	784	784	33	100	1	TGAGAGGCAGCTGCAC-1
SRR11181956.668645721	UIA44558.1	2697049	81	0	14	100	1	GGAATAATCTGCTGCT-1
SRR11181956.1228193451	no rank	2697049	49	49	12	100	1	TGAGCCGCACATTCGA-1
SRR11181956.474422425	no rank	2697049	81	81	14	100	1	CGTTGGGCAGTTTACG-1
SRR11181956.698925503	UFY34494.1	2697049	36	0	11	100	1	GTCCTCACAGTAAGCG-1
SRR11181956.818539560	UHD97225.1	2697049	49	0	12	100	1	GAGTCCGGTCATTAGC-1
SRR11181956.1025220955	no rank	2697049	36	36	11	100	1	TGAGAGGTCACTTACT-1
SRR11181956.237263418	no rank	2697049	784	784	33	100	1	TACTTACTCCGTACAA-1
SRR11181956.1325913211	no rank	2697049	729	729	32	100	1	CAGTCCTCATGTCCTC-1
SRR11181956.597983865	UIA44558.1	2697049	81	0	14	100	1	ACGGAGACATCGGACC-1
SRR11181956.409294413	no rank	2697049	784	784	33	100	1	
SRR11181956.171674661	no rank	2697049	784	784	33	100	1	
SRR11181956.646810335	WCL51902.1	2697049	36	0	11	100	1	GCTTGAAGTATAGGTA-1
SRR11181956.1275824189	no rank	2697049	361	361	24	100	1	ACTTACTCAAGAGTCG-1
SRR11181956.528469136	no rank	2697049	729	729	32	100	1	
SRR11181956.396680811	UIA44558.1	2697049	100	0	15	100	1	CCTACCATCGCGCCAA-1
SRR11181956.1108928115	WCL51902.1	2697049	64	0	13	100	1	CGCTTCATCATAAAGG-1
SRR11181956.1024751754	no rank	2697049	784	784	33	100	1	CAGTCCTCAAGCCGTC-1
SRR11181956.527226593	WCL51902.1	2697049	64	0	13	100	1	CCACCTAGTCGACTGC-1
SRR11181956.347575355	no rank	2697049	784	784	33	100	1	GGTGTTAGTAGCGTGA-1
SRR11181956.1101627479	no rank	2697049	36	36	11	100	1	ACATACGTCAGTGTTG-1
SRR11181956.310900941	no rank	2697049	729	729	32	100	1	AGCAGCCTCACAGTAC-1
SRR11181956.869003688	no rank	2697049	784	784	33	100	1	
SRR11181956.723157804	no rank	2697049	729	729	32	100	1	GCAGTTAGTGAGTGAC-1
SRR11181956.571593578	UIA44558.1	2697049	64	0	13	100	1	CACATTTGTCCATGAT-1
SRR11181956.712704389	no rank	2697049	784	784	33	100	1	GGTGAAGCACCGTTGG-1
SRR11181956.871984126	no rank	2697049	64	64	13	100	1	TTTCCTCTCGAATCCA-1
SRR11181956.25250610	WCL51902.1	2697049	81	0	14	100	1	CACAAACAGATACACA-1
SRR11181956.777486085	no rank	2697049	784	784	33	100	1	AGATCTGTCTAACTGG-1
SRR11181956.226385766	no rank	2697049	729	729	32	100	1	GCAGTTAGTGAGTGAC-1
SRR11181956.62420774	no rank	2697049	784	784	33	100	1	CCACTACGTGGCAAAC-1
SRR11181956.933339827	no rank	2697049	784	784	33	100	1	TGAGCCGCACATTCGA-1
SRR11181956.866861309	no rank	2697049	729	729	32	100	1	TCGCGAGTCCATTCTA-1
SRR11181956.731607125	no rank	2697049	784	784	33	100	1	ACTTACTAGACTAGGC-1
SRR11181956.326930793	no rank	2697049	729	729	32	100	1	
SRR11181956.311667788	no rank	2697049	729	729	32	100	1	GGTGAAGCACCGTTGG-1
SRR11181956.1360460681	no rank	2697049	784	784	33	100	1	
SRR11181956.885426584	WCL51902.1	2697049	49	0	12	100	1	TTAACTCCAAGAGGCT-1
SRR11181956.872636427	no rank	2697049	729	729	32	100	1	AGCCTAATCGAGCCCA-1
SRR11181956.1150752788	no rank	2697049	784	784	33	100	1	GGTGTTAGTAGCGTGA-1
SRR11181956.818840351	WCL51902.1	2697049	36	0	11	100	1	GCTTGAAGTATAGGTA-1
SRR11181956.1357801171	no rank	2697049	81	81	14	100	1	TCAGATGAGTGTCCCG-1
SRR11181956.223279771	no rank	2697049	784	784	33	100	1	AACTTTCCAAGCGAGT-1
SRR11181956.605653468	no rank	2697049	784	784	33	100	1	
SRR11181956.566731224	ULM66311.1	2697049	676	0	31	100	1	
SRR11181956.38748332	no rank	2697049	784	784	33	100	1	
SRR11181956.994970133	no rank	2697049	81	81	14	100	1	TTGGCAATCGGTCCGA-1
SRR11181956.873578699	no rank	2697049	784	784	33	100	1	
SRR11181956.1176321631	no rank	2697049	784	784	33	100	1	
SRR11181956.778042389	no rank	2697049	36	36	11	100	1	CACATTTAGCCCAACC-1
SRR11181956.179257196	no rank	2697049	784	784	33	100	1	
SRR11181956.1417466931	no rank	2697049	784	784	33	100	1	CCGTTCACACGCATCG-1
SRR11181956.731225282	no rank	2697049	784	784	33	100	1	AAGACCTGTTCAACCA-1
SRR11181956.951818499	no rank	2697049	729	729	32	100	1	CTAATGGGTATAGGGC-1
SRR11181956.906230843	no rank	2697049	100	100	15	100	1	GGGTTGCCAGACGCCT-1
SRR11181956.84666853	no rank	2697049	784	784	33	100	1	GTGTTAGTCACGACTA-1
SRR11181956.1341787127	no rank	2697049	784	784	33	100	1	ACTTGTTAGAGCCCAA-1
SRR11181956.1294002161	no rank	2697049	784	784	33	100	1	
SRR11181956.1235128057	no rank	2697049	64	64	13	100	1	GGACAAGCAAGAAAGG-1
SRR11181956.402658155	no rank	2697049	729	729	32	100	1	
SRR11181956.895969156	no rank	2697049	729	729	32	100	1	CTCACACGTTAGATGA-1
SRR11181956.1247368691	no rank	2697049	729	729	32	100	1	CAGGTGCAGATCCCAT-1
SRR11181956.402228477	no rank	2697049	121	121	16	100	1	TCGCGAGTCCATTCTA-1
SRR11181956.1319711528	no rank	2697049	784	784	33	100	1	GCTGCTTGTTGATTGC-1
SRR11181956.764131873	no rank	2697049	729	729	32	100	1	
SRR11181956.627851439	no rank	2697049	64	64	13	100	1	CGGACTGGTATATCCG-1
SRR11181956.1181780201	UIA44558.1	2697049	81	0	14	100	1	CGCGGTATCTCGATGA-1
SRR11181956.941300421	no rank	2697049	49	49	12	100	1	TACCTTAAGCAATATG-1
SRR11181956.800117497	UIA44558.1	2697049	81	0	14	100	1	GCAGCCAGTGTTCGAT-1
SRR11181956.53473907	no rank	2697049	784	784	33	100	1	
SRR11181956.1268785468	no rank	2697049	784	784	33	100	1	TTTATGCCAGGTTTCA-1
SRR11181956.1263704578	WFH08539.1	2697049	49	0	12	100	1	GGGATGACAATCGGTT-1
SRR11181956.292087244	no rank	2697049	729	729	32	100	1	GGTGAAGCACCGTTGG-1
SRR11181956.580231294	UIA44558.1	2697049	81	0	14	100	1	CATTATCTCATCACCC-1
SRR11181956.1110317552	no rank	2697049	784	784	33	100	1	AGATCTGTCTAACTGG-1
SRR11181956.426180692	WCL51902.1	2697049	100	0	15	100	1	CTGAAGTGTTCACCTC-1
SRR11181956.548631785	no rank	2697049	784	784	33	100	1	
SRR11181956.760686724	no rank	2697049	729	729	32	100	1	CGTTGGGTCAGAAATG-1
SRR11181956.1131003863	no rank	2697049	729	729	32	100	1	AGGCCACCACACAGAG-1
SRR11181956.1269752536	no rank	2697049	784	784	33	100	1	
SRR11181956.1116263188	no rank	2697049	729	729	32	100	1	CAGTCCTCATGTCCTC-1
SRR11181956.623025763	no rank	2697049	784	784	33	100	1	
SRR11181956.10731486	no rank	2697049	49	49	12	100	1	AAGCCGCTCGTTACAG-1
SRR11181956.1361137424	UIA44558.1	2697049	64	0	13	100	1	CACACTCAGTTGTAGA-1
SRR11181956.1043683260	WCL51902.1	2697049	81	0	14	100	1	TTAGGACCAGGCTGAA-1
SRR11181956.1253207535	no rank	2697049	784	784	33	100	1	AACTTTCCAAGCGAGT-1
SRR11181956.1016857672	no rank	2697049	81	81	14	100	1	TTATGCTTCACCTCGT-1
SRR11181956.115895833	no rank	2697049	784	784	33	100	1	TTAACTCCAACACCCG-1
SRR11181956.1272681871	no rank	2697049	784	784	33	100	1	GCAGCCAAGAGTAATC-1
SRR11181956.912517172	no rank	2697049	729	729	32	100	1	
SRR11181956.872811364	no rank	2697049	100	100	15	100	1	TTAGGACGTAGAAAGG-1
SRR11181956.594444553	UIA44558.1	2697049	100	0	15	100	1	TGAGAGGCATACGCTA-1
SRR11181956.1125571446	no rank	2697049	729	729	32	100	1	
SRR11181956.378755727	no rank	2697049	729	729	32	100	1	CACAAACGTCATTAGC-1
SRR11181956.1372019238	UIA44558.1	2697049	100	0	15	100	1	GATCGATAGGAGCGTT-1
SRR11181956.169247770	no rank	2697049	729	729	32	100	1	AACTTTCCAAGCGAGT-1
SRR11181956.1217971083	no rank	2697049	64	64	13	100	1	CAAGGCCAGTAGATGT-1
SRR11181956.202995847	no rank	2697049	729	729	32	100	1	
SRR11181956.1381100019	WRY79273.1	2697049	64	0	13	100	1	CGTCACTAGTGCCAGA-1
SRR11181956.1399051593	no rank	2697049	729	729	32	100	1	TGAGCCGCACATTCGA-1
SRR11181956.199574283	no rank	2697049	784	784	33	100	1	ATCACGAAGGATTCGG-1
SRR11181956.871864629	no rank	2697049	729	729	32	100	1	GCAGTTAGTGAGTGAC-1
SRR11181956.1023835929	no rank	2697049	729	729	32	100	1	GGTGAAGCACCGTTGG-1
SRR11181956.177710936	no rank	2697049	121	121	16	100	1	AACTGGTTCAAAGACA-1
SRR11181956.540201879	no rank	2697049	100	100	15	100	1	CTCCTAGCATTGTGCA-1
SRR11181956.565152014	no rank	2697049	784	784	33	100	1	CAGTCCTCAAGCCGTC-1
SRR11181956.603625064	WCL51902.1	2697049	81	0	14	100	1	CTCTAATCATCTCCCA-1
SRR11181956.787029706	no rank	2697049	784	784	33	100	1	ACTTACTAGACTAGGC-1
SRR11181956.77201106	no rank	2697049	729	729	32	100	1	TGAGCCGCACATTCGA-1
SRR11181956.1286145666	no rank	2697049	729	729	32	100	1	CTCACACGTTAGATGA-1
SRR11181956.1038467905	no rank	2697049	729	729	32	100	1	GAAGCAGCACCGATAT-1
SRR11181956.1239888301	UIA44558.1	2697049	81	0	14	100	1	CTTGGCTGTAGGACAC-1
SRR11181956.805098722	no rank	2697049	81	81	14	100	1	CATGACACAGCTGTAT-1
SRR11181956.700773465	no rank	2697049	64	64	13	100	1	AGCCTAATCTCTTGAT-1
SRR11181956.1397155851	no rank	2697049	784	784	33	100	1	CTCACACGTTAGATGA-1
SRR11181956.181040855	WCL51902.1	2697049	64	0	13	100	1	CGTGAGCCAGGGCATA-1
SRR11181956.435968542	no rank	2697049	729	729	32	100	1	
SRR11181956.96410004	UIA44558.1	2697049	81	0	14	100	1	GCGCCAAAGGACATTA-1
SRR11181956.399888663	no rank	2697049	729	729	32	100	1	GACCAATGTTAGTGGG-1
SRR11181956.1409583429	no rank	2697049	225	225	20	100	1	CGTTGGGCAGTTTACG-1
SRR11181956.1153855413	no rank	2697049	625	625	30	100	1	ACATACGTCAGTGTTG-1
SRR11181956.623753512	no rank	2697049	784	784	33	100	1	CCGTTCAGTAGCGTAG-1
SRR11181956.791078932	no rank	2697049	784	784	33	100	1	GGTGAAGCACCGTTGG-1
SRR11181956.1231857457	no rank	2697049	729	729	32	100	1	GGTGAAGCACCGTTGG-1
SRR11181956.672868104	no rank	2697049	400	400	25	100	1	CACCTTGAGTGGCACA-1
SRR11181956.804177648	no rank	2697049	576	576	29	100	1	GGTGAAGCACCGTTGG-1
SRR11181956.700566284	no rank	2697049	36	36	11	100	1	GATGAGGAGCTCTCGG-1
SRR11181956.951686343	no rank	2697049	784	784	33	100	1	
SRR11181956.533446694	no rank	2697049	81	81	14	100	1	CATGGCGGTAGCTTGT-1
SRR11181956.367935527	no rank	2697049	49	49	12	100	1	TGAGCCGCACATTCGA-1
SRR11181956.913343266	ULM66311.1	2697049	729	0	32	100	1	
SRR11181956.143578877	UIA44558.1	2697049	81	0	14	100	1	ATCGAGTAGATGTAAC-1
SRR11181956.263398832	UIA44558.1	2697049	121	0	16	100	1	CACCACTAGCGATAGC-1
SRR11181956.5303878	WHN76747.1	2697049	256	0	21	100	1	
SRR11181956.1033084725	no rank	2697049	784	784	33	100	1	CGATCGGCATTACCTT-1
SRR11181956.495005896	no rank	2697049	361	361	24	100	1	GGTGAAGCACCGTTGG-1
SRR11181956.1081373508	no rank	2697049	729	729	32	100	1	CAGGTGCGTGCGGTAA-1
SRR11181956.502968739	no rank	2697049	729	729	32	100	1	CCATTCGCACGGATAG-1
SRR11181956.919082938	no rank	2697049	784	784	33	100	1	ATTGGACCATCCGTGG-1
SRR11181956.387909976	WCL51902.1	2697049	64	0	13	100	1	CTCTAATCATCTCCCA-1
SRR11181956.1341206642	no rank	2697049	784	784	33	100	1	
SRR11181956.650700839	UIA44558.1	2697049	64	36	13	100	1	GATCGTACAGGGAGAG-1
SRR11181956.1333365665	no rank	2697049	784	784	33	100	1	
SRR11181956.1207710006	no rank	2697049	784	784	33	100	1	TGTCCCAGTTATGCGT-1
SRR11181956.946084541	no rank	2697049	784	784	33	100	1	ACAGCCGCAGTGACAG-1
SRR11181956.187914606	no rank	2697049	784	784	33	100	1	CACATTTAGCCCAACC-1
SRR11181956.1135244936	no rank	2697049	784	784	33	100	1	CCGTTCACACGCATCG-1
SRR11181956.1324268633	no rank	2697049	81	81	14	100	1	TTAGGACGTAGAAAGG-1
SRR11181956.261135332	no rank	2697049	36	36	11	100	1	TTTCCTCCATGAAGTA-1
SRR11181956.1408872177	no rank	2697049	729	729	32	100	1	CAGGTGCGTGCGGTAA-1
SRR11181956.1382936988	no rank	2697049	729	729	32	100	1	
SRR11181956.784219476	no rank	2697049	784	784	33	100	1	ATCACGAAGGATTCGG-1
SRR11181956.550759419	UIA44558.1	2697049	100	0	15	100	1	CCGGTAGCACAGGTTT-1
SRR11181956.479234449	no rank	2697049	784	784	33	100	1	CGTTGGGCAGTTTACG-1
SRR11181956.590940821	no rank	2697049	784	784	33	100	1	
SRR11181956.841314392	UIA44558.1	2697049	100	0	15	100	1	CACATTTGTCCAACTA-1
SRR11181956.438552788	no rank	2697049	784	784	33	100	1	ATCGAGTCAGTCTTCC-1
SRR11181956.80101821	no rank	2697049	784	784	33	100	1	TGAGAGGCAGCTGCAC-1
SRR11181956.1163079980	no rank	2697049	729	729	32	100	1	TTAGGCATCTATCCCG-1
SRR11181956.1170753025	WCL51902.1	2697049	81	0	14	100	1	GTGCAGCGTTCGCGAC-1
SRR11181956.54952198	no rank	2697049	36	36	11	100	1	TATCTCATCATGTGGT-1
SRR11181956.1405309403	UIA33858.1	2697049	576	0	29	100	1	ATCCACCTCGTGGTCG-1
SRR11181956.244918682	no rank	2697049	729	729	32	100	1	CATTCGCCATTAACCG-1
SRR11181956.183806284	WCL51902.1	2697049	100	0	15	100	1	AGTGTCATCGCGCCAA-1
SRR11181956.887183196	no rank	2697049	784	784	33	100	1	ACAGCTACATGAAGTA-1
SRR11181956.921315039	no rank	2697049	64	64	13	100	1	GGTGAAGCACCGTTGG-1
SRR11181956.561392780	no rank	2697049	784	784	33	100	1	
SRR11181956.756065122	UIA44558.1	2697049	81	0	14	100	1	TTAACTCTCACGACTA-1
SRR11181956.921048775	no rank	2697049	100	100	15	100	1	
SRR11181956.1037866438	ULM66311.1	2697049	676	0	31	100	1	
SRR11181956.969411534	no rank	2697049	729	729	32	100	1	
SRR11181956.702467590	no rank	2697049	64	64	13	100	1	CTCTACGAGGCACATG-1
SRR11181956.659519892	no rank	2697049	784	784	33	100	1	CAGTCCTCAAGCCGTC-1
SRR11181956.164186827	no rank	2697049	100	100	15	100	1	CACATTTAGCCCAACC-1
SRR11181956.1011940109	UIA44558.1	2697049	100	0	15	100	1	CGGACGTTCCGGCACA-1
SRR11181956.672331668	ULM66311.1	2697049	289	0	22	100	1	
SRR11181956.681232740	no rank	2697049	324	324	23	100	1	ACAGCTACATGAAGTA-1
SRR11181956.779705402	no rank	2697049	784	784	33	100	1	
SRR11181956.1201894590	no rank	2697049	49	49	12	100	1	GGTGAAGCACCGTTGG-1
SRR11181956.824393408	no rank	2697049	784	784	33	100	1	TCATTACAGCGTGAGT-1
SRR11181956.340717567	UIA44558.1	2697049	100	0	15	100	1	CATGCCTCAGCGATCC-1
SRR11181956.219623041	no rank	2697049	784	784	33	100	1	CTCACACGTTAGATGA-1
SRR11181956.841119603	no rank	2697049	576	576	29	100	1	GGTGAAGCACCGTTGG-1
SRR11181956.93162307	no rank	2697049	784	784	33	100	1	CACATTTAGCCCAACC-1
SRR11181956.1201149314	no rank	2697049	784	784	33	100	1	CCACTACGTAGCTGCC-1
SRR11181956.764477303	no rank	2697049	576	576	29	100	1	GTGTTAGTCACGACTA-1
SRR11181956.1014742090	no rank	2697049	784	784	33	100	1	CCGTTCACACGCATCG-1
SRR11181956.112283455	no rank	2697049	784	784	33	100	1	TTAGGCATCTATCCCG-1
SRR11181956.1279018951	no rank	2697049	729	729	32	100	1	
SRR11181956.1366658799	WCL51902.1	2697049	64	0	13	100	1	TGACTTTGTATTACCG-1
SRR11181956.804354283	UPD46762.1	2697049	81	0	14	100	1	GTTAAGCCAGCTATTG-1
SRR11181956.3664626	no rank	2697049	729	729	32	100	1	
SRR11181956.837203633	no rank	2697049	729	729	32	100	1	TGAGCCGCACATTCGA-1
SRR11181956.576992378	no rank	2697049	784	784	33	100	1	CTCACACGTTAGATGA-1
SRR11181956.931550833	no rank	2697049	729	729	32	100	1	
SRR11181956.1231410057	no rank	2697049	784	784	33	100	1	CTCACACGTTAGATGA-1
SRR11181956.298105004	no rank	2697049	361	361	24	100	1	GGTGAAGCACCGTTGG-1
SRR11181956.1221278141	P0DTD3.1	2697049	784	0	33	100	1	CCGTTCACACGCATCG-1
SRR11181956.1201662451	no rank	2697049	361	361	24	100	1	TCTTTCCTCGACAGCC-1
SRR11181956.936630628	no rank	2697049	100	100	15	100	1	CTCGGAGTCCCTGACT-1
SRR11181956.528105108	WCL51902.1	2697049	100	0	15	100	1	ACAGCTAAGGACCACA-1
SRR11181956.459481557	UDY45863.1	2697049	49	36	12	100	1	TTCTTAGGTCTCCATC-1
SRR11181956.945313130	no rank	2697049	784	784	33	100	1	
SRR11181956.1025357903	no rank	2697049	784	784	33	100	1	CACATTTAGCCCAACC-1
SRR11181956.1115187541	no rank	2697049	196	196	19	100	1	TGAGCCGCACATTCGA-1
SRR11181956.246663963	no rank	2697049	784	784	33	100	1	AGGCCACCACACAGAG-1
SRR11181956.1167662051	UIA44558.1	2697049	81	0	14	100	1	ACGCAGCCACCCTATC-1
SRR11181956.64082429	WCL51902.1	2697049	64	0	13	100	1	CGGTTAAGTTCATGGT-1
SRR11181956.925828358	no rank	2697049	324	324	23	100	1	TGACTTTCACGCCAGT-1
SRR11181956.937605574	no rank	2697049	784	784	33	100	1	CACATTTAGCCCAACC-1
SRR11181956.22021981	no rank	2697049	36	36	11	100	1	CGTTGGGTCAGAAATG-1
SRR11181956.1391709650	no rank	2697049	784	784	33	100	1	
SRR11181956.292982494	no rank	2697049	784	784	33	100	1	
SRR11181956.411707346	no rank	2697049	676	676	31	100	1	
SRR11181956.342995772	UDL67294.1	2697049	36	0	11	100	1	CCAGCGAGTCACCCAG-1
SRR11181956.948329118	no rank	2697049	784	784	33	100	1	
SRR11181956.435732318	no rank	2697049	784	784	33	100	1	GGTGAAGCACCGTTGG-1
SRR11181956.717219209	no rank	2697049	36	36	11	100	1	GCACATAGTGGGTATG-1
SRR11181956.1132481559	no rank	2697049	784	784	33	100	1	TGTGTTTCACGAGAGT-1
SRR11181956.75102624	UIA44558.1	2697049	100	0	15	100	1	ACACCAAGTTCACGGC-1
SRR11181956.228183582	UIA44558.1	2697049	81	0	14	100	1	CGTCAGGCACAGACAG-1
SRR11181956.903999562	no rank	2697049	784	784	33	100	1	TGTCCCAGTTATGCGT-1
SRR11181956.982614684	UIA44558.1	2697049	100	0	15	100	1	CAACCAAGTGGTCTCG-1
SRR11181956.752738859	WHN78374.1	2697049	729	0	32	100	1	CGATCGGCATTACCTT-1
SRR11181956.804463180	no rank	2697049	729	729	32	100	1	CTCGAAAGTTCAACCA-1
SRR11181956.237081258	UIA44558.1	2697049	81	0	14	100	1	CTTTGCGAGGACAGAA-1
SRR11181956.139256194	no rank	2697049	784	784	33	100	1	CACATTTAGCCCAACC-1
SRR11181956.219112747	no rank	2697049	784	784	33	100	1	TGAGAGGCAGCTGCAC-1
SRR11181956.232586541	P0DTD2.1	2697049	784	0	33	100	1	CTCACACGTTAGATGA-1
SRR11181956.175024335	no rank	2697049	729	729	32	100	1	
SRR11181956.382150169	WCL51902.1	2697049	81	0	14	100	1	ATGAGGGTCACTGGGC-1
SRR11181956.616345678	no rank	2697049	784	784	33	100	1	TCGCGAGTCCATTCTA-1
SRR11181956.326203491	no rank	2697049	784	784	33	100	1	
SRR11181956.467176451	ULM66311.1	2697049	225	49	20	100	1	
SRR11181956.173619758	no rank	2697049	729	729	32	100	1	TGTCCCAGTTATGCGT-1
SRR11181956.218193240	no rank	2697049	784	784	33	100	1	TTTATGCCAGGTTTCA-1
SRR11181956.1239430908	no rank	2697049	784	784	33	100	1	
SRR11181956.382798547	no rank	2697049	784	784	33	100	1	TTAACTCCAACACCCG-1
SRR11181956.89570215	no rank	2697049	784	784	33	100	1	TGCTGCTGTTCCAACA-1
SRR11181956.803654259	no rank	2697049	81	81	14	100	1	TTTGGTTCATCCCATC-1
SRR11181956.886606850	UWQ68903.1	2697049	49	0	12	100	1	ACGGCCAGTCAAACTC-1
SRR11181956.1367508910	no rank	2697049	784	784	33	100	1	
SRR11181956.1177368506	no rank	2697049	729	729	32	100	1	ATCGAGTAGCACGCCT-1
SRR11181956.640532942	ULM66311.1	2697049	784	0	33	100	1	
SRR11181956.17109820	UIA44558.1	2697049	81	0	14	100	1	CATCGGGTCTAGAGTC-1
SRR11181956.697615991	UIA44558.1	2697049	100	0	15	100	1	GGGTTGCGTACCTACA-1
SRR11181956.711126850	no rank	2697049	729	729	32	100	1	
SRR11181956.321605003	WCL51902.1	2697049	49	0	12	100	1	ACACTGACACATAACC-1
SRR11181956.1374358363	UIA44558.1	2697049	81	0	14	100	1	CCTACACGTCCGTCAG-1
SRR11181956.1019902742	no rank	2697049	784	784	33	100	1	GGTGAAGCACCGTTGG-1
SRR11181956.1144602495	no rank	2697049	784	784	33	100	1	CAGTCCTCAAGCCGTC-1
SRR11181956.42396681	no rank	2697049	64	64	13	100	1	ACATACGTCAGTGTTG-1
SRR11181956.1310144729	no rank	2697049	100	100	15	100	1	GCAGTTACACATCCAA-1
SRR11181956.1360340461	no rank	2697049	784	784	33	100	1	
SRR11181956.1211837273	no rank	2697049	784	784	33	100	1	
SRR11181956.941609363	no rank	2697049	729	729	32	100	1	AAGACCTGTTCAACCA-1
SRR11181956.94494860	no rank	2697049	100	100	15	100	1	TGACTTTCACGCCAGT-1
SRR11181956.981670217	no rank	2697049	784	784	33	100	1	CACCTTGAGTGGCACA-1
SRR11181956.335144474	no rank	2697049	784	784	33	100	1	
SRR11181956.969204344	UIA44558.1	2697049	81	0	14	100	1	TCAGGTAGTAAGAGGA-1
SRR11181956.131906314	no rank	2697049	784	784	33	100	1	GGTGAAGCACCGTTGG-1
SRR11181956.429781896	no rank	2697049	324	324	23	100	1	CACATTTAGCCCAACC-1
SRR11181956.508934390	no rank	2697049	729	729	32	100	1	ATGCGATTCACAAACC-1
SRR11181956.405822800	UIA44558.1	2697049	100	0	15	100	1	AGCTCTCTCCGGCACA-1
SRR11181956.1027110602	no rank	2697049	729	729	32	100	1	CTGTTTAGTTCGCTAA-1
SRR11181956.22653350	no rank	2697049	729	729	32	100	1	TGAGCCGCACATTCGA-1
SRR11181956.85476840	no rank	2697049	64	64	13	100	1	TATCAGGTCATAACCG-1
SRR11181956.136950464	P0DTD3.1	2697049	784	0	33	100	1	CCGTTCACACGCATCG-1
SRR11181956.1037989096	no rank	2697049	784	784	33	100	1	
SRR11181956.1396528081	no rank	2697049	81	81	14	100	1	AAGACCTGTCAATGTC-1
SRR11181956.43805871	no rank	2697049	196	196	19	100	1	
SRR11181956.163484115	no rank	2697049	81	81	14	100	1	GCTGCTTGTGATGATA-1
SRR11181956.724800545	WBP59901.1	2697049	36	0	11	100	1	TACTCGCAGGACAGAA-1
SRR11181956.1409289330	no rank	2697049	100	100	15	100	1	CGCGGTAAGGACAGCT-1
SRR11181956.757550082	no rank	2697049	784	784	33	100	1	
SRR11181956.8023375	no rank	2697049	729	729	32	100	1	ATCGAGTCAGTCTTCC-1
SRR11181956.405560940	no rank	2697049	784	784	33	100	1	CGTTGGGCAGTTTACG-1
SRR11181956.645704369	no rank	2697049	289	289	22	100	1	CAGGTGCGTGCGGTAA-1
SRR11181956.1416333620	UIA44558.1	2697049	100	0	15	100	1	GTACTCCGTACGCACC-1
SRR11181956.577847507	no rank	2697049	144	144	17	100	1	GGTGAAGCACCGTTGG-1
SRR11181956.432617936	no rank	2697049	729	729	32	100	1	CTCGAAAGTTCAACCA-1
SRR11181956.1359341364	WCL51902.1	2697049	64	0	13	100	1	GCTGCGATCACATAGC-1
SRR11181956.1377924394	UPD46762.1	2697049	100	0	15	100	1	CTAAGACGTGCAACGA-1
SRR11181956.586105612	USN68135.1	2697049	36	0	11	100	1	GCATACATCGTAGGTT-1
SRR11181956.329544146	UIA44558.1	2697049	100	0	15	100	1	TGTGGTATCTGCTGTC-1
SRR11181956.299351946	no rank	2697049	324	324	23	100	1	TCGCGAGTCCATTCTA-1
SRR11181956.471203551	no rank	2697049	784	784	33	100	1	GGTGAAGCACCGTTGG-1
SRR11181956.1339766470	no rank	2697049	784	784	33	100	1	
SRR11181956.1379436422	WCL51902.1	2697049	100	0	15	100	1	GAACCTACAGTCAGAG-1
SRR11181956.1387078651	ULM66311.1	2697049	225	49	20	100	1	
SRR11181956.1216113167	no rank	2697049	324	324	23	100	1	TGAGCCGCACATTCGA-1
SRR11181956.913755836	UKR28309.1	2697049	49	36	12	100	1	GATGCTAGTGCATCTA-1
SRR11181956.1382242339	no rank	2697049	64	64	13	100	1	AAGGTTCAGACTAGAT-1
SRR11181956.593650657	no rank	2697049	784	784	33	100	1	CTCACACGTTAGATGA-1
SRR11181956.1316969962	no rank	2697049	100	100	15	100	1	TCAGGTAGTTGGACCC-1
SRR11181956.1040535162	no rank	2697049	729	729	32	100	1	GGTGAAGCACCGTTGG-1
SRR11181956.1404810828	no rank	2697049	729	729	32	100	1	CTGCTGTCATGAGCGA-1
SRR11181956.455775238	UIA44558.1	2697049	81	0	14	100	1	AAGGAGCAGTGGTAAT-1
SRR11181956.906023664	no rank	2697049	784	784	33	100	1	TGTCCCAGTTATGCGT-1
SRR11181956.1194810140	UIA44558.1	2697049	81	0	14	100	1	TTAGTTCTCGTCGTTC-1
SRR11181956.336447288	UIA44558.1	2697049	81	0	14	100	1	ACTGCTCTCCCATTTA-1
SRR11181956.683263779	UDW25588.1	2697049	484	0	27	100	1	TCATTACAGCGTGAGT-1
SRR11181956.614192516	no rank	2697049	784	784	33	100	1	
SRR11181956.1380265979	no rank	2697049	81	81	14	100	1	CTCTGGTGTGTTGAGG-1
SRR11181956.278610748	UIA44558.1	2697049	100	0	15	100	1	AGCTCCTCAGTTCCCT-1
SRR11181956.25229481	ULZ50426.1	2697049	625	0	30	100	1	TTTATGCCAGGTTTCA-1
SRR11181956.808876723	no rank	2697049	729	729	32	100	1	ACTTACTAGACTAGGC-1
SRR11181956.189735546	no rank	2697049	784	784	33	100	1	ATGCGATTCACAAACC-1
SRR11181956.99138901	no rank	2697049	81	81	14	100	1	CTCACACGTTAGATGA-1
SRR11181956.821230141	no rank	2697049	324	324	23	100	1	
SRR11181956.267918106	no rank	2697049	784	784	33	100	1	GTGCGGTAGAATGTGT-1
SRR11181956.1190764175	no rank	2697049	784	784	33	100	1	TGTCCCAGTTATGCGT-1
SRR11181956.197332781	no rank	2697049	784	784	33	100	1	GCATGATTCGAGAGCA-1
SRR11181956.319912254	no rank	2697049	729	729	32	100	1	CCGTTCAGTAGCGTAG-1
SRR11181956.701187671	no rank	2697049	729	729	32	100	1	AACTTTCCAAGCGAGT-1
SRR11181956.742739600	no rank	2697049	729	729	32	100	1	TGCACCTGTAATCGTC-1
SRR11181956.1317223009	UIA44558.1	2697049	49	36	12	100	1	CACACCTAGCTACCTA-1
SRR11181956.955467329	ULM66311.1	2697049	256	36	21	100	1	
SRR11181956.611791647	no rank	2697049	49	49	12	100	1	CTGTTTAGTTCGCTAA-1
SRR11181956.1270814858	no rank	2697049	49	49	12	100	1	TATCTCAGTAGAAAGG-1
SRR11181956.1015322943	no rank	2697049	729	729	32	100	1	TCATTACAGCGTGAGT-1
SRR11181956.1113390518	no rank	2697049	289	289	22	100	1	
SRR11181956.1094194621	no rank	2697049	784	784	33	100	1	CCGTTCACACGCATCG-1
SRR11181956.691148051	WCL51902.1	2697049	64	0	13	100	1	AAGGTTCCAGATGGGT-1
SRR11181956.341793497	UIA44558.1	2697049	81	0	14	100	1	TTTGCGCGTTTAAGCC-1
SRR11181956.1235876492	no rank	2697049	81	81	14	100	1	CACACCTGTTCTCATT-1
SRR11181956.563974592	no rank	2697049	729	729	32	100	1	TGGCGCACATCGATTG-1
SRR11181956.389028872	no rank	2697049	729	729	32	100	1	CAGTCCTCATGTCCTC-1
SRR11181956.303701771	WCL51902.1	2697049	49	36	12	100	1	CACTCCACAGTTCATG-1
SRR11181956.1388388793	no rank	2697049	784	784	33	100	1	TGAGCCGCACATTCGA-1
SRR11181956.1209639433	no rank	2697049	400	400	25	100	1	GCCTCTAAGGGTATCG-1
SRR11181956.341870455	no rank	2697049	64	64	13	100	1	GCTGCAGTCGGTGTCG-1
SRR11181956.539984689	no rank	2697049	784	784	33	100	1	ACGGGCTCACGACTCG-1
SRR11181956.436628074	WCL51902.1	2697049	64	0	13	100	1	AACTCCCAGTATCGAA-1
SRR11181956.730702659	no rank	2697049	784	784	33	100	1	
SRR11181956.1301739195	no rank	2697049	784	784	33	100	1	GGTGAAGCACCGTTGG-1
SRR11181956.31851953	no rank	2697049	784	784	33	100	1	
SRR11181956.321286654	no rank	2697049	784	784	33	100	1	ACAGCTACATGAAGTA-1
SRR11181956.254138079	QYG54366.1	2697049	100	0	15	100	1	CAACCAATCAGGCCCA-1
SRR11181956.638231450	no rank	2697049	784	784	33	100	1	CCAATCCCAAACGTGG-1
SRR11181956.1314714040	no rank	2697049	729	729	32	100	1	GTGCGGTAGGGCTTGA-1
SRR11181956.37926462	UHN17730.1	2697049	36	0	11	100	1	
SRR11181956.1318013345	no rank	2697049	64	64	13	100	1	GAACATCCAGACAAGC-1
SRR11181956.389113229	no rank	2697049	289	289	22	100	1	CACCTTGAGTGGCACA-1
SRR11181956.1392134058	no rank	2697049	784	784	33	100	1	TGGCGCATCCGGGTGT-1
SRR11181956.1045042593	UIA44558.1	2697049	100	0	15	100	1	GGACGTCAGCAGACTG-1
SRR11181956.108869890	no rank	2697049	784	784	33	100	1	TCTTTCCTCGACAGCC-1
SRR11181956.135058569	UIA44558.1	2697049	81	0	14	100	1	CATGGCGTCCACGACG-1
SRR11181956.630993004	no rank	2697049	729	729	32	100	1	ACAGCCGCAGTGACAG-1
SRR11181956.1130234940	no rank	2697049	729	729	32	100	1	
SRR11181956.14039267	UIA44558.1	2697049	81	0	14	100	1	ACCCACTAGGCGTACA-1
SRR11181956.297494856	no rank	2697049	784	784	33	100	1	ACACCGGCACGCCAGT-1
SRR11181956.219142912	no rank	2697049	784	784	33	100	1	CTAATGGGTATAGGGC-1
SRR11181956.735019251	no rank	2697049	784	784	33	100	1	AGCAGCCTCACAGTAC-1
SRR11181956.224282991	UIA44558.1	2697049	100	0	15	100	1	CGGGTCAGTGGTAACG-1
SRR11181956.1251829576	no rank	2697049	100	100	15	100	1	CACATTTAGCCCAACC-1
SRR11181956.967211058	UIA44558.1	2697049	81	0	14	100	1	CACACTCTCACCCGAG-1
SRR11181956.723880436	no rank	2697049	729	729	32	100	1	GGGTCTGGTATATGGA-1
SRR11181956.1092313500	no rank	2697049	784	784	33	100	1	CACATTTAGCCCAACC-1
SRR11181956.393287091	UIA44558.1	2697049	81	0	14	100	1	CTGCGGAGTTTGTTTC-1
SRR11181956.1235414786	no rank	2697049	784	784	33	100	1	AGGCCACCACACAGAG-1
SRR11181956.304872619	ULM66311.1	2697049	729	0	32	100	1	
SRR11181956.909434232	ULM66311.1	2697049	729	0	32	100	1	
SRR11181956.26003585	no rank	2697049	784	784	33	100	1	
SRR11181956.742163887	no rank	2697049	729	729	32	100	1	
SRR11181956.401546714	no rank	2697049	729	729	32	100	1	
SRR11181956.88173170	no rank	2697049	784	784	33	100	1	TGGCGCACATCGATTG-1
SRR11181956.630256391	WCL51902.1	2697049	81	0	14	100	1	AGTGGGAGTAAACACA-1
SRR11181956.754483263	no rank	2697049	784	784	33	100	1	ACGGAGAAGCTAGTTC-1
SRR11181956.1171620443	UPD46762.1	2697049	81	0	14	100	1	AGCTCCTAGGCACATG-1
SRR11181956.964863231	no rank	2697049	784	784	33	100	1	GGTGAAGCACCGTTGG-1
SRR11181956.690808444	WCL51902.1	2697049	49	0	12	100	1	TGCGGGTGTGCGAAAC-1
SRR11181956.341718662	no rank	2697049	729	729	32	100	1	CGTTGGGTCAGAAATG-1
SRR11181956.290545877	no rank	2697049	784	784	33	100	1	
SRR11181956.705054607	WCP36159.1	2697049	256	0	21	100	1	CCGGGATGTCCAGTTA-1
SRR11181956.450740530	no rank	2697049	784	784	33	100	1	GGTGAAGCACCGTTGG-1
SRR11181956.1075087583	no rank	2697049	36	36	11	100	1	AGCGTATAGACCTTTG-1
SRR11181956.310915271	no rank	2697049	729	729	32	100	1	GGTGAAGCACCGTTGG-1
SRR11181956.849969820	no rank	2697049	729	729	32	100	1	GGTGAAGCACCGTTGG-1
SRR11181956.530335026	no rank	2697049	784	784	33	100	1	
SRR11181956.1127428371	no rank	2697049	64	64	13	100	1	GGGCATCGTTCCTCCA-1
SRR11181956.336599040	UIA44558.1	2697049	64	0	13	100	1	CACATAGGTCGATTGT-1
SRR11181956.957115959	no rank	2697049	784	784	33	100	1	TGAGAGGCAGCTGCAC-1
SRR11181956.729432952	UIA44558.1	2697049	81	0	14	100	1	AGAGTGGGTCACAAGG-1
SRR11181956.544675369	no rank	2697049	784	784	33	100	1	GGTGAAGCACCGTTGG-1
SRR11181956.29704233	no rank	2697049	100	100	15	100	1	GCCAAATCACCATCCT-1
SRR11181956.362743499	no rank	2697049	784	784	33	100	1	
SRR11181956.40725276	no rank	2697049	729	729	32	100	1	ATCGAGTAGCACGCCT-1
SRR11181956.19424887	no rank	2697049	729	729	32	100	1	
SRR11181956.411555003	UIA44558.1	2697049	81	0	14	100	1	CGATCGGCACACAGAG-1
SRR11181956.1110453123	WCL51902.1	2697049	49	0	12	100	1	CACCTTGTCTCTGCTG-1
SRR11181956.1288370930	no rank	2697049	784	784	33	100	1	CTCACACGTTAGATGA-1
SRR11181956.684854321	no rank	2697049	576	576	29	100	1	TTTATGCCAGGTTTCA-1
SRR11181956.931137560	no rank	2697049	324	324	23	100	1	GGTGAAGCACCGTTGG-1
SRR11181956.1185885605	no rank	2697049	784	784	33	100	1	CACATTTAGCCCAACC-1
SRR11181956.1201524744	WCL51902.1	2697049	100	0	15	100	1	CTACATTAGTACACCT-1
SRR11181956.280987342	no rank	2697049	784	784	33	100	1	CAGGTGCAGATCCCAT-1
SRR11181956.617297186	no rank	2697049	784	784	33	100	1	CACATTTAGCCCAACC-1
SRR11181956.144100738	no rank	2697049	784	784	33	100	1	CGGACTGCATTACCTT-1
SRR11181956.903461181	no rank	2697049	784	784	33	100	1	GGTGAAGCACCGTTGG-1
SRR11181956.1086818251	no rank	2697049	729	729	32	100	1	CTCGAAAGTTCAACCA-1
SRR11181956.739709884	UIA44558.1	2697049	81	0	14	100	1	GCATGCGCAGGACCCT-1
SRR11181956.58313127	no rank	2697049	256	256	21	100	1	CTCACACGTTAGATGA-1
SRR11181956.753352815	no rank	2697049	784	784	33	100	1	GGTGAAGCACCGTTGG-1
SRR11181956.295082839	no rank	2697049	729	729	32	100	1	GGTGAAGCACCGTTGG-1
SRR11181956.992928133	no rank	2697049	784	784	33	100	1	GGGTCTGGTATATGGA-1
SRR11181956.65627955	no rank	2697049	225	225	20	100	1	CTCACACGTTAGATGA-1
SRR11181956.484409416	no rank	2697049	100	100	15	100	1	GTCAAGTCAACACCCG-1
SRR11181956.844100639	no rank	2697049	729	729	32	100	1	
SRR11181956.1091468053	UIA44558.1	2697049	81	0	14	100	1	ACCCACTTCAACACCA-1
SRR11181956.987676491	WCL51902.1	2697049	64	0	13	100	1	CGTAGCGCACCTATCC-1
SRR11181956.956084896	UIA44558.1	2697049	81	0	14	100	1	TGCTGCTAGACCCACC-1
SRR11181956.407040334	ULM66311.1	2697049	441	0	26	100	1	
SRR11181956.149774467	XDJ28420.1	2697049	144	0	17	100	1	GGTGTTAAGTGGGTTG-1
SRR11181956.730661172	no rank	2697049	784	784	33	100	1	
SRR11181956.382771411	no rank	2697049	289	289	22	100	1	CTGTTTAGTTCGCTAA-1
SRR11181956.1106703426	no rank	2697049	784	784	33	100	1	CCACTACGTGGCAAAC-1
SRR11181956.533577137	UIA44558.1	2697049	81	0	14	100	1	TCAGCAAGTAAGTTCC-1
SRR11181956.320889559	no rank	2697049	784	784	33	100	1	
SRR11181956.849485256	no rank	2697049	49	49	12	100	1	GGTGAAGCACCGTTGG-1
SRR11181956.1219907805	no rank	2697049	289	289	22	100	1	AAGGTTCAGACTAGAT-1
SRR11181956.1365176308	no rank	2697049	729	729	32	100	1	AGCAGCCTCACAGTAC-1
SRR11181956.1302737107	UIA44558.1	2697049	100	0	15	100	1	CGACTTCGTGCAACTT-1
SRR11181956.630715131	no rank	2697049	784	784	33	100	1	
SRR11181956.721170231	no rank	2697049	36	36	11	100	1	TCACGAACAGATTGCT-1
SRR11181956.1068438506	no rank	2697049	729	729	32	100	1	GGTGAAGCACCGTTGG-1
SRR11181956.413258372	no rank	2697049	729	729	32	100	1	GGTGAAGCACCGTTGG-1
SRR11181956.212695623	no rank	2697049	784	784	33	100	1	
SRR11181956.120615548	no rank	2697049	64	64	13	100	1	TCAGATGAGTGTCCCG-1
SRR11181956.58302845	no rank	2697049	324	324	23	100	1	CGGACTGGTATATCCG-1
SRR11181956.1287999875	WCL51902.1	2697049	100	0	15	100	1	ACGGGTCTCTGAGGGA-1
SRR11181956.472198413	no rank	2697049	784	784	33	100	1	CTGCTGTCATGAGCGA-1
SRR11181956.454866578	no rank	2697049	784	784	33	100	1	GGTGTTAGTAGCGTGA-1
SRR11181956.651831682	no rank	2697049	784	784	33	100	1	CTCGTCACAGAAGCAC-1
SRR11181956.803260371	UIA44558.1	2697049	81	0	14	100	1	AGCGTCGAGGGCATGT-1
SRR11181956.1093408579	no rank	2697049	784	784	33	100	1	GGTGTTAGTAGCGTGA-1
SRR11181956.987619842	no rank	2697049	729	729	32	100	1	CACCTTGAGTGGCACA-1
SRR11181956.572978289	UPD46762.1	2697049	81	0	14	100	1	CACAGGCAGATATGGT-1
SRR11181956.1187953962	no rank	2697049	784	784	33	100	1	CTCACACGTTAGATGA-1
SRR11181956.852161391	no rank	2697049	100	100	15	100	1	GGATTACCACCAGGTC-1
SRR11181956.1057384458	WCL51902.1	2697049	81	0	14	100	1	
SRR11181956.382543411	no rank	2697049	729	729	32	100	1	ACTTGTTAGAGCCCAA-1
SRR11181956.1184924084	no rank	2697049	100	100	15	100	1	CACATTTAGCCCAACC-1
SRR11181956.1324324118	no rank	2697049	729	729	32	100	1	
SRR11181956.360114401	no rank	2697049	784	784	33	100	1	ACAGCCGCAGTGACAG-1
SRR11181956.977375310	UIA44558.1	2697049	81	0	14	100	1	
SRR11181956.1096941778	no rank	2697049	729	729	32	100	1	AGGCCACCACACAGAG-1
SRR11181956.881079332	no rank	2697049	81	81	14	100	1	ACTTGTTTCAAACCAC-1
SRR11181956.1358854030	WFH08539.1	2697049	36	0	11	100	1	GTACTCCAGGCAGGTT-1
SRR11181956.1344925643	no rank	2697049	729	729	32	100	1	
SRR11181956.2745553	WCL51902.1	2697049	81	0	14	100	1	ACACTGACACATAACC-1
SRR11181956.1338296710	no rank	2697049	784	784	33	100	1	GGCGACTAGATACACA-1
SRR11181956.973875233	QYG54366.1	2697049	81	36	14	100	1	ACGAGCCGTCCGAAGA-1
SRR11181956.657383840	no rank	2697049	729	729	32	100	1	GGTGAAGCACCGTTGG-1
SRR11181956.1121357895	no rank	2697049	729	729	32	100	1	GGTGTTAGTAGCGTGA-1
SRR11181956.115621819	WCL51902.1	2697049	64	0	13	100	1	ACTGCTCCATGCTAGT-1
SRR11181956.19291569	no rank	2697049	81	81	14	100	1	GGTGAAGCACCGTTGG-1
SRR11181956.653394680	no rank	2697049	729	729	32	100	1	CAGTCCTCAAGCCGTC-1
SRR11181956.1269850650	no rank	2697049	784	784	33	100	1	AGGCCACCACACAGAG-1
SRR11181956.976239437	UIA44558.1	2697049	100	0	15	100	1	CTGCTGTGTCAGTGGA-1
SRR11181956.384426990	no rank	2697049	100	100	15	100	1	CTCGAAAAGAGTGACC-1
SRR11181956.493452689	UIA44558.1	2697049	81	0	14	100	1	CCCTCCTAGCGTTGCC-1
SRR11181956.508101523	P0DTD2.1	2697049	784	0	33	100	1	CCAATCCCAAACGTGG-1
SRR11181956.735045748	no rank	2697049	784	784	33	100	1	CTCACACGTTAGATGA-1
SRR11181956.1240562281	no rank	2697049	729	729	32	100	1	
SRR11181956.892968357	no rank	2697049	784	784	33	100	1	
SRR11181956.1374576229	no rank	2697049	784	784	33	100	1	CACCTTGAGTGGCACA-1
SRR11181956.751347546	no rank	2697049	784	784	33	100	1	
SRR11181956.315906140	WFH08539.1	2697049	36	0	11	100	1	CAGATCAAGATCCCAT-1
SRR11181956.831808938	no rank	2697049	100	100	15	100	1	CGCCAAGGTCTTGTCC-1
SRR11181956.606773258	no rank	2697049	100	100	15	100	1	GCAGCCAAGAGTAATC-1
SRR11181956.636655407	no rank	2697049	729	729	32	100	1	GGTGAAGCACCGTTGG-1
SRR11181956.549906035	no rank	2697049	361	361	24	100	1	GTGTTAGTCACGACTA-1
SRR11181956.648297540	UIA44558.1	2697049	81	0	14	100	1	TTGTAGGAGGCTATCT-1
SRR11181956.60017019	no rank	2697049	64	64	13	100	1	CTCCTAGAGTAGCCGA-1
SRR11181956.1276013078	no rank	2697049	676	676	31	100	1	
SRR11181956.880667543	no rank	2697049	784	784	33	100	1	TCGCGAGTCCATTCTA-1
SRR11181956.695158995	UIA44558.1	2697049	64	0	13	100	1	TTTACTGTCGTGACAT-1
SRR11181956.412527668	WCL51902.1	2697049	36	0	11	100	1	AATCGGTCAGCATGAG-1
SRR11181956.586054259	UIA44558.1	2697049	100	0	15	100	1	CTCGAGGAGAACTCGG-1
SRR11181956.924573490	UIA44558.1	2697049	81	0	14	100	1	CATCAAGGTGGTACAG-1
SRR11181956.306556895	UIA44558.1	2697049	81	0	14	100	1	ACGGCCACAGACAGGT-1
SRR11181956.627477162	no rank	2697049	784	784	33	100	1	AGCCTAATCGAGCCCA-1
SRR11181956.613974817	UIA44558.1	2697049	64	0	13	100	1	CTACGTCTCTAACGGT-1
SRR11181956.300504718	UDE60322.1	2697049	64	0	13	100	1	GGACAAGCAAGAAAGG-1
SRR11181956.762003927	UIA44558.1	2697049	81	0	14	100	1	TAGGCATGTAGCGATG-1
SRR11181956.184009672	no rank	2697049	784	784	33	100	1	
SRR11181956.613210267	UIA44558.1	2697049	100	0	15	100	1	
SRR11181956.200157214	no rank	2697049	784	784	33	100	1	GGTGAAGCACCGTTGG-1
SRR11181956.632008229	WCL51902.1	2697049	64	0	13	100	1	TGCCCTACAGGAACGT-1
SRR11181956.972672467	no rank	2697049	144	144	17	100	1	CGCCAAGGTCTTGTCC-1
SRR11181956.129482091	no rank	2697049	49	49	12	100	1	ACTTGTTTCTTGCATT-1
SRR11181956.120629599	ULM66311.1	2697049	784	0	33	100	1	ACACCCTTCTCAACTT-1
SRR11181956.65234342	no rank	2697049	729	729	32	100	1	CAGGTGCGTGCGGTAA-1
SRR11181956.209913204	no rank	2697049	729	729	32	100	1	AGGCCACCACACAGAG-1
SRR11181956.392268794	UIA44558.1	2697049	81	0	14	100	1	GCACATACAGGTGCCT-1
SRR11181956.1406463750	no rank	2697049	676	676	31	100	1	CTCACACGTTAGATGA-1
SRR11181956.1048125372	UIA44558.1	2697049	64	36	13	100	1	CTCGGGAAGTACGTTC-1
SRR11181956.640659211	no rank	2697049	729	729	32	100	1	TCGCGAGTCCATTCTA-1
SRR11181956.1201236111	no rank	2697049	784	784	33	100	1	
SRR11181956.1148337510	no rank	2697049	784	784	33	100	1	TGTGGTATCTGTCCGT-1
SRR11181956.477127063	no rank	2697049	144	144	17	100	1	CAGGTGCGTGCGGTAA-1
SRR11181956.703215176	ULM66311.1	2697049	225	36	20	100	1	
SRR11181956.199474893	no rank	2697049	784	784	33	100	1	CGTTGGGCAGTTTACG-1
SRR11181956.296193781	no rank	2697049	729	729	32	100	1	CTGTTTAGTTCGCTAA-1
SRR11181956.390335124	no rank	2697049	784	784	33	100	1	GGTGAAGCACCGTTGG-1
SRR11181956.1403083364	no rank	2697049	784	784	33	100	1	CCAGCGATCGACGGAA-1
SRR11181956.393674672	WCL51902.1	2697049	100	0	15	100	1	AGCTTGATCACCAGGC-1
SRR11181956.641818618	no rank	2697049	625	625	30	100	1	
SRR11181956.1145947909	no rank	2697049	784	784	33	100	1	CTCGTCACAGAAGCAC-1
SRR11181956.45765031	no rank	2697049	729	729	32	100	1	
SRR11181956.1322550554	no rank	2697049	784	784	33	100	1	CAGTCCTCAAGCCGTC-1
SRR11181956.919671258	no rank	2697049	784	784	33	100	1	GGTGAAGCACCGTTGG-1
SRR11181956.1067453659	no rank	2697049	784	784	33	100	1	TCGCGAGTCCATTCTA-1
SRR11181956.158447193	UIA44558.1	2697049	100	0	15	100	1	CAGATCACACGAGAGT-1
SRR11181956.1330859201	QSW00410.1	2697049	729	0	32	100	1	GTGCGGTGTACCGTAT-1
SRR11181956.1111770976	WCL51902.1	2697049	36	0	11	100	1	GACCTGGAGCTTATCG-1
SRR11181956.319202548	no rank	2697049	784	784	33	100	1	GGTGAAGCACCGTTGG-1
SRR11181956.653865200	no rank	2697049	196	196	19	100	1	ATCGAGTGTGTAAGTA-1
SRR11181956.617301681	UIA44558.1	2697049	81	0	14	100	1	CCGGTAGTCCTATTCA-1
SRR11181956.614405112	UIA44558.1	2697049	81	0	14	100	1	CAGCATATCCTATGTT-1
SRR11181956.690225626	no rank	2697049	784	784	33	100	1	GGTGAAGCACCGTTGG-1
SRR11181956.419408520	UIA44558.1	2697049	81	0	14	100	1	ACGCCAGTCGCCATAA-1
SRR11181956.372459634	no rank	2697049	784	784	33	100	1	TTAGGCATCTATCCCG-1
SRR11181956.394320667	UJR74790.2	2697049	64	0	13	100	1	TACTTGTCAGTAAGCG-1
SRR11181956.766538433	no rank	2697049	121	121	16	100	1	GGTGAAGCACCGTTGG-1
SRR11181956.494614379	no rank	2697049	729	729	32	100	1	CACATTTAGCCCAACC-1
SRR11181956.214101900	no rank	2697049	729	729	32	100	1	TGCACCTGTAATCGTC-1
SRR11181956.1175870970	WCL51902.1	2697049	81	0	14	100	1	CACTCCACAGTTCATG-1
SRR11181956.115017425	no rank	2697049	784	784	33	100	1	CTAATGGGTATAGGGC-1
SRR11181956.765143617	WCL51902.1	2697049	49	0	12	100	1	GGGTTGCTCGCATGGC-1
SRR11181956.270727484	no rank	2697049	729	729	32	100	1	GCTGCTTGTTGATTGC-1
SRR11181956.1150536547	no rank	2697049	729	729	32	100	1	
SRR11181956.719123264	no rank	2697049	49	49	12	100	1	TGCACCTTCTCCAACC-1
SRR11181956.303614012	no rank	2697049	100	100	15	100	1	TGGCGCATCGGTGTTA-1
SRR11181956.110674960	UPG42297.1	2697049	529	0	28	100	1	GGTGAAGCACCGTTGG-1
SRR11181956.359598202	UIA44558.1	2697049	81	0	14	100	1	CGTTAGACAAGTTGTC-1
SRR11181956.384053575	no rank	2697049	784	784	33	100	1	CGTTGGGCAGTTTACG-1
SRR11181956.942931318	UIA44558.1	2697049	100	0	15	100	1	CATCAAGGTGGTACAG-1
SRR11181956.813339249	no rank	2697049	81	81	14	100	1	CTCACACGTTAGATGA-1
SRR11181956.21592410	no rank	2697049	676	676	31	100	1	
SRR11181956.856423918	WCL51902.1	2697049	64	0	13	100	1	GTATTCTGTGAAGGCT-1
SRR11181956.227412425	no rank	2697049	784	784	33	100	1	
SRR11181956.902771743	no rank	2697049	784	784	33	100	1	CACCTTGAGTGGCACA-1
SRR11181956.361266064	UIA44558.1	2697049	81	0	14	100	1	CGGACGTCATAAGACA-1
SRR11181956.1004881299	no rank	2697049	784	784	33	100	1	TGAGCCGCACATTCGA-1
SRR11181956.402185974	no rank	2697049	784	784	33	100	1	CCACTACGTGGCAAAC-1
SRR11181956.694650581	UIA44558.1	2697049	100	0	15	100	1	CTGGTCTCACCAGCAC-1
SRR11181956.260113579	no rank	2697049	49	49	12	100	1	GGTGAAGCACCGTTGG-1
SRR11181956.512194503	no rank	2697049	324	324	23	100	1	CTCGAAAGTCGCGGTT-1
SRR11181956.720495994	no rank	2697049	784	784	33	100	1	CAGTCCTCAAGCCGTC-1
SRR11181956.403803009	P0DTD2.1	2697049	784	0	33	100	1	ATTGGACCATCCGTGG-1
SRR11181956.311922624	no rank	2697049	729	729	32	100	1	TACTTACTCCGTACAA-1
SRR11181956.691711461	no rank	2697049	324	324	23	100	1	
SRR11181956.936167989	no rank	2697049	784	784	33	100	1	
SRR11181956.812961618	no rank	2697049	784	784	33	100	1	
SRR11181956.336874643	no rank	2697049	784	784	33	100	1	CATTCGCCATTAACCG-1
SRR11181956.1238189209	no rank	2697049	784	784	33	100	1	
SRR11181956.1390581874	no rank	2697049	64	64	13	100	1	CACAAACGTTGGGACA-1
SRR11181956.832973279	no rank	2697049	729	729	32	100	1	GCAGCCAAGAGTAATC-1
SRR11181956.56607745	no rank	2697049	784	784	33	100	1	
SRR11181956.1139363859	no rank	2697049	729	729	32	100	1	CTCACACGTTAGATGA-1
SRR11181956.1067289990	no rank	2697049	729	729	32	100	1	ACTTGTTAGAGCCCAA-1
SRR11181956.1016710513	no rank	2697049	729	729	32	100	1	GGTGAAGCACCGTTGG-1
SRR11181956.446984253	WRY79273.1	2697049	49	36	12	100	1	TCTATTGAGTTGAGTA-1
SRR11181956.271312034	no rank	2697049	729	729	32	100	1	
SRR11181956.1029266877	WCL51902.1	2697049	81	0	14	100	1	CGTGAGCCAGGGCATA-1
SRR11181956.495084935	no rank	2697049	784	784	33	100	1	CACAAACGTCATTAGC-1
SRR11181956.1097018296	no rank	2697049	784	784	33	100	1	
SRR11181956.1407529321	no rank	2697049	576	576	29	100	1	
SRR11181956.1030593408	UIA44558.1	2697049	100	0	15	100	1	GTATTCTCAGCCAATT-1
SRR11181956.17531370	WCL51902.1	2697049	64	0	13	100	1	GTCAAGTGTATCAGTC-1
SRR11181956.688331857	UPD93451.1	2697049	484	0	27	100	1	GGTGAAGCACCGTTGG-1
SRR11181956.232760341	P0DTG1.1	2697049	49	36	12	100	1	GGTGAAGCACCGTTGG-1
SRR11181956.156434966	UIA44558.1	2697049	100	0	15	100	1	
SRR11181956.1049619257	no rank	2697049	81	81	14	100	1	CTCTACGGTCACCCAG-1
SRR11181956.1323412247	no rank	2697049	81	81	14	100	1	TACTTACGTCAGATAA-1
SRR11181956.833704417	no rank	2697049	784	784	33	100	1	GGTGAAGCACCGTTGG-1
SRR11181956.1410708924	UIA44558.1	2697049	100	0	15	100	1	CGTCCATAGAAGCCCA-1
SRR11181956.765232396	no rank	2697049	729	729	32	100	1	CACCTTGAGTGGCACA-1
SRR11181956.1198580675	no rank	2697049	784	784	33	100	1	GGTGAAGCACCGTTGG-1
SRR11181956.837252681	WCL51902.1	2697049	64	0	13	100	1	ATTATCCTCGTTTGCC-1
SRR11181956.482350241	no rank	2697049	784	784	33	100	1	CATTCGCCATTAACCG-1
SRR11181956.861122484	no rank	2697049	784	784	33	100	1	GTGCGGTAGGGCTTGA-1
SRR11181956.753800464	no rank	2697049	784	784	33	100	1	GCAGTTAGTGAGTGAC-1
SRR11181956.39830065	no rank	2697049	784	784	33	100	1	TGACTTTTCTGGTATG-1
SRR11181956.622916587	no rank	2697049	784	784	33	100	1	TGGCGCACATCGATTG-1
SRR11181956.118022793	UIA44558.1	2697049	100	0	15	100	1	TTCTTAGAGACCGGAT-1
SRR11181956.1317023168	no rank	2697049	784	784	33	100	1	TGAGCCGCACATTCGA-1
SRR11181956.1125541332	no rank	2697049	784	784	33	100	1	
SRR11181956.1120449189	no rank	2697049	784	784	33	100	1	TGTGGTATCTGTCCGT-1
SRR11181956.1083214409	no rank	2697049	784	784	33	100	1	TGACTTTCACGCCAGT-1
SRR11181956.1203236585	no rank	2697049	784	784	33	100	1	
SRR11181956.42973593	no rank	2697049	324	324	23	100	1	TGACTTTCACGCCAGT-1
SRR11181956.671403166	no rank	2697049	729	729	32	100	1	
SRR11181956.1321011194	URA54069.1	2697049	784	0	33	100	1	ACGGGTCCAGAGCCAA-1
SRR11181956.668541741	UIA44558.1	2697049	100	0	15	100	1	GAAGCAGAGAGCTTCT-1
SRR11181956.1213395987	no rank	2697049	784	784	33	100	1	CACATTTAGCCCAACC-1
SRR11181956.465095387	no rank	2697049	100	100	15	100	1	GACCAATGTTAGTGGG-1
SRR11181956.1347164354	P0DTD3.1	2697049	784	0	33	100	1	TGTGGTATCTGTCCGT-1
SRR11181956.284122667	no rank	2697049	784	784	33	100	1	GGTGAAGCACCGTTGG-1
SRR11181956.1134738232	no rank	2697049	729	729	32	100	1	GGTGAAGCACCGTTGG-1
SRR11181956.1020515868	no rank	2697049	784	784	33	100	1	CACATTTAGCCCAACC-1
SRR11181956.1360119690	no rank	2697049	100	100	15	100	1	GCTGCTTGTGATGATA-1
SRR11181956.1267560087	UIA44558.1	2697049	81	0	14	100	1	TGAGCATAGAGGGATA-1
SRR11181956.1299685090	no rank	2697049	100	100	15	100	1	GCAGCCAAGAGTAATC-1
SRR11181956.711695025	no rank	2697049	784	784	33	100	1	CACATTTAGCCCAACC-1
SRR11181956.811042158	no rank	2697049	784	784	33	100	1	
SRR11181956.484373367	ULM66311.1	2697049	400	0	25	100	1	
SRR11181956.1413088045	no rank	2697049	784	784	33	100	1	CATTCGCCATTAACCG-1
SRR11181956.1386088731	no rank	2697049	729	729	32	100	1	ACTTGTTAGAGCCCAA-1
SRR11181956.727991365	WCL51902.1	2697049	49	0	12	100	1	TTCGGTCTCAGTTCGA-1
SRR11181956.948293918	UIA44558.1	2697049	100	0	15	100	1	CCGTGGACAAACGTGG-1
SRR11181956.987602633	no rank	2697049	81	81	14	100	1	TTTGGTTCATCCCATC-1
SRR11181956.825085320	no rank	2697049	729	729	32	100	1	
SRR11181956.1354139829	no rank	2697049	784	784	33	100	1	GGTGAAGCACCGTTGG-1
SRR11181956.736041284	no rank	2697049	784	784	33	100	1	
SRR11181956.841879394	UIA44558.1	2697049	81	0	14	100	1	ATCATGGCATCCCACT-1
SRR11181956.656589900	no rank	2697049	729	729	32	100	1	GGCGACTAGATACACA-1
SRR11181956.320894820	no rank	2697049	729	729	32	100	1	TCGCGAGTCCATTCTA-1
SRR11181956.441294339	no rank	2697049	729	729	32	100	1	GAAACTCTCTCGTTTA-1
SRR11181956.608128516	no rank	2697049	784	784	33	100	1	
SRR11181956.1415942862	no rank	2697049	49	49	12	100	1	AAAGTAGAGTACGCGA-1
SRR11181956.90926208	no rank	2697049	361	361	24	100	1	TGAGCCGCACATTCGA-1
SRR11181956.308797081	WCL51902.1	2697049	64	0	13	100	1	ACCGTAAGTCGTGGCT-1
SRR11181956.118745253	UIA44558.1	2697049	100	0	15	100	1	CTAATGGCAGCGTAAG-1
SRR11181956.1184580467	no rank	2697049	81	81	14	100	1	TCCCGATCAGTGAGTG-1
SRR11181956.248674853	no rank	2697049	784	784	33	100	1	GGTGAAGCACCGTTGG-1
SRR11181956.78897555	no rank	2697049	100	100	15	100	1	GGATTACCACCAGGTC-1
SRR11181956.311938873	no rank	2697049	729	729	32	100	1	
SRR11181956.362572077	no rank	2697049	729	729	32	100	1	
SRR11181956.1082607602	UIA44558.1	2697049	81	0	14	100	1	CTTTGCGCAGCTTCGG-1
SRR11181956.332511112	UIA44558.1	2697049	100	0	15	100	1	CGTCAGGAGTACATGA-1
SRR11181956.708482385	WCL51902.1	2697049	64	0	13	100	1	TGAGGGACACAAGCCC-1
SRR11181956.734161503	WCL51902.1	2697049	100	0	15	100	1	TGACAACGTTCCCTTG-1
SRR11181956.727177400	no rank	2697049	784	784	33	100	1	
SRR11181956.1205700655	no rank	2697049	784	784	33	100	1	
SRR11181956.1416279232	no rank	2697049	729	729	32	100	1	ACAGCCGCAGTGACAG-1
SRR11181956.1257438244	ULM66311.1	2697049	225	49	20	100	1	
SRR11181956.1180956832	no rank	2697049	729	729	32	100	1	
SRR11181956.1025678046	UHJ15804.1	2697049	81	0	14	100	1	CCACCTAGTCTAACGT-1
SRR11181956.1235311152	no rank	2697049	784	784	33	100	1	
SRR11181956.376756685	no rank	2697049	729	729	32	100	1	
SRR11181956.876730519	no rank	2697049	784	784	33	100	1	GGTGAAGCACCGTTGG-1
SRR11181956.381803146	P0DTD2.1	2697049	784	0	33	100	1	ATTGGACCATCCGTGG-1
SRR11181956.752578964	UIA44558.1	2697049	64	0	13	100	1	CCTATTAAGTTAGCGG-1
SRR11181956.39100996	no rank	2697049	676	676	31	100	1	GGTGAAGCACCGTTGG-1
SRR11181956.28265786	WOZ51843.1	2697049	324	0	23	100	1	
SRR11181956.67740281	no rank	2697049	784	784	33	100	1	CCGTTCAGTAGCGTAG-1
SRR11181956.569035801	no rank	2697049	729	729	32	100	1	
SRR11181956.516445277	UIA44558.1	2697049	100	0	15	100	1	CTGATCCAGTTGTAGA-1
SRR11181956.1108281767	no rank	2697049	729	729	32	100	1	GGTGAAGCACCGTTGG-1
SRR11181956.1268830374	no rank	2697049	484	484	27	100	1	ACATACGTCAGTGTTG-1
SRR11181956.633227817	no rank	2697049	784	784	33	100	1	CAGTCCTCATGTCCTC-1
SRR11181956.1403057158	WRY79273.1	2697049	81	0	14	100	1	AACTTTCGTTCACGGC-1
SRR11181956.643905400	no rank	2697049	784	784	33	100	1	ACAGCTACATGAAGTA-1
SRR11181956.462170097	QSW00174.1	2697049	169	0	18	100	1	CAAGGCCAGTAGATGT-1
SRR11181956.709143355	no rank	2697049	784	784	33	100	1	GGTGAAGCACCGTTGG-1
SRR11181956.665142236	no rank	2697049	729	729	32	100	1	ATCATGGAGTCCTCCT-1
SRR11181956.368497882	UIA44558.1	2697049	81	0	14	100	1	GTACTCCCATCAGTAC-1
SRR11181956.318597655	no rank	2697049	784	784	33	100	1	TTTATGCCAGGTTTCA-1
SRR11181956.870403358	no rank	2697049	64	64	13	100	1	AACTCTTGTACACCGC-1
SRR11181956.1029536575	no rank	2697049	729	729	32	100	1	TGAGCCGCACATTCGA-1
SRR11181956.1335833303	no rank	2697049	49	49	12	100	1	TCATTTGCAGTTAACC-1
SRR11181956.65144396	no rank	2697049	729	729	32	100	1	ACTTGTTAGAGCCCAA-1
SRR11181956.51848632	UIA44558.1	2697049	81	0	14	100	1	TTGCCGTAGAGATGAG-1
SRR11181956.707007638	WCL51902.1	2697049	81	0	14	100	1	TCGGGACCATGGGAAC-1
SRR11181956.903058638	no rank	2697049	729	729	32	100	1	TCGCGAGTCCATTCTA-1
SRR11181956.444359990	no rank	2697049	784	784	33	100	1	ACTTACTCAAGAGTCG-1
SRR11181956.1041052051	no rank	2697049	100	100	15	100	1	TCGCGAGGTGTTCTTT-1
SRR11181956.616122377	no rank	2697049	784	784	33	100	1	
SRR11181956.772330691	no rank	2697049	784	784	33	100	1	TGGCGCACATCGATTG-1
SRR11181956.452495391	WCL51902.1	2697049	81	0	14	100	1	GCGCAACAGTGACTCT-1
SRR11181956.520620365	ULM66311.1	2697049	361	0	24	100	1	
SRR11181956.792873101	WCL51902.1	2697049	81	0	14	100	1	CACTCCACAGTTCATG-1
SRR11181956.1087004057	no rank	2697049	784	784	33	100	1	
SRR11181956.950186509	UIA44558.1	2697049	100	0	15	100	1	AGCGGTCCACAGGCCT-1
SRR11181956.1103489639	ULM66311.1	2697049	225	49	20	100	1	
SRR11181956.75052753	no rank	2697049	100	100	15	100	1	GACGTTACAAGTCATC-1
SRR11181956.604656729	QVM66418.1	2697049	36	0	11	100	1	CTCTACGCATTGGGCC-1
SRR11181956.1153542357	ULM66311.1	2697049	225	49	20	100	1	
SRR11181956.322405025	no rank	2697049	784	784	33	100	1	TCATTACAGCGTGAGT-1
SRR11181956.1416047938	no rank	2697049	81	81	14	100	1	CTCACACGTTAGATGA-1
SRR11181956.1398691425	no rank	2697049	36	36	11	100	1	CCTCAGTTCAGGCAAG-1
SRR11181956.1344591171	UTS10038.1	2697049	64	0	13	100	1	GGTGAAGCACCGTTGG-1
SRR11181956.1204070286	no rank	2697049	784	784	33	100	1	TGAGCCGCACATTCGA-1
SRR11181956.163312536	UIA44558.1	2697049	81	0	14	100	1	CCTTTCTCATGGTTGT-1
SRR11181956.497140901	no rank	2697049	36	36	11	100	1	GGCCGATCACGTGAGA-1
SRR11181956.336124015	no rank	2697049	121	121	16	100	1	
SRR11181956.618880628	no rank	2697049	729	729	32	100	1	AGGCCACCACACAGAG-1
SRR11181956.526364218	no rank	2697049	729	729	32	100	1	CATTCGCCATTAACCG-1
SRR11181956.354671607	QJR92981.1	2697049	36	0	11	100	1	AGATTGCTCCAATGGT-1
SRR11181956.968049605	UIA44558.1	2697049	81	0	14	100	1	CAGCTGGTCTTAACCT-1
SRR11181956.832323511	no rank	2697049	36	36	11	100	1	GACCAATAGCACAGGT-1
SRR11181956.523141146	no rank	2697049	784	784	33	100	1	AAGACCTAGATGGCGT-1
SRR11181956.566353251	no rank	2697049	784	784	33	100	1	AAGACCTGTTCAACCA-1
SRR11181956.807922778	no rank	2697049	784	784	33	100	1	
SRR11181956.1149063150	no rank	2697049	784	784	33	100	1	TGAGCCGCACATTCGA-1
SRR11181956.897555510	no rank	2697049	324	324	23	100	1	GGTGAAGCACCGTTGG-1
SRR11181956.497848169	no rank	2697049	729	729	32	100	1	
SRR11181956.920274291	no rank	2697049	49	49	12	100	1	TGAGCCGCACATTCGA-1
SRR11181956.1140379483	no rank	2697049	729	729	32	100	1	
SRR11181956.1226797876	no rank	2697049	100	100	15	100	1	GCTTGAAAGCTGAACG-1
SRR11181956.988977166	no rank	2697049	784	784	33	100	1	CTCACACGTTAGATGA-1
SRR11181956.1344929804	no rank	2697049	36	36	11	100	1	TTCGGTCGTAGCCTAT-1
SRR11181956.732846878	UIA44558.1	2697049	100	0	15	100	1	CATGGCGAGCCATCGC-1
SRR11181956.855922681	no rank	2697049	729	729	32	100	1	GGTGAAGCACCGTTGG-1
SRR11181956.219154410	no rank	2697049	784	784	33	100	1	
SRR11181956.880122846	no rank	2697049	729	729	32	100	1	CAGTCCTCAAGCCGTC-1
SRR11181956.70925992	ULM66311.1	2697049	256	36	21	100	1	
SRR11181956.200072510	no rank	2697049	729	729	32	100	1	
SRR11181956.368834148	no rank	2697049	361	361	24	100	1	AACTTTCCAAGCGAGT-1
SRR11181956.1158456289	no rank	2697049	729	729	32	100	1	CGTTGGGCAGTTTACG-1
SRR11181956.7211172	no rank	2697049	729	729	32	100	1	GAAGCAGGTCTCTTAT-1
SRR11181956.63967571	no rank	2697049	784	784	33	100	1	CCAGCGATCGACGGAA-1
SRR11181956.1192744353	no rank	2697049	784	784	33	100	1	CCGTTCACACGCATCG-1
SRR11181956.418268230	P0DTD3.1	2697049	784	0	33	100	1	ACAGCTACATGAAGTA-1
SRR11181956.1333384499	no rank	2697049	784	784	33	100	1	TGCTACCAGTTACCCA-1
SRR11181956.752435412	UFH61318.1	2697049	49	0	12	100	1	TTTATGCCATTAGGCT-1
SRR11181956.142989899	no rank	2697049	784	784	33	100	1	CACCTTGAGTGGCACA-1
SRR11181956.381321390	no rank	2697049	784	784	33	100	1	CCACTACGTAGCTGCC-1
SRR11181956.1415651577	no rank	2697049	784	784	33	100	1	GCAGCCATCTTGAGAC-1
SRR11181956.486121592	no rank	2697049	729	729	32	100	1	CCACTACGTGGCAAAC-1
SRR11181956.886689765	no rank	2697049	784	784	33	100	1	CTCACACGTTAGATGA-1
SRR11181956.849347943	QRK43735.1	2697049	784	0	33	100	1	CACATTTAGCCCAACC-1
SRR11181956.843496473	no rank	2697049	784	784	33	100	1	TCTTTCCTCGACAGCC-1
SRR11181956.238865255	UIA44558.1	2697049	81	0	14	100	1	TCCACACTCGATCCCT-1
SRR11181956.309920526	no rank	2697049	729	729	32	100	1	GGTGAAGCACCGTTGG-1
SRR11181956.1095219427	no rank	2697049	784	784	33	100	1	
SRR11181956.656660028	no rank	2697049	784	784	33	100	1	TCTTTCCTCGACAGCC-1
SRR11181956.1373033786	no rank	2697049	784	784	33	100	1	TGCACCTGTAATCGTC-1
SRR11181956.357751653	no rank	2697049	784	784	33	100	1	GGTGAAGCACCGTTGG-1
SRR11181956.1057395324	P0DTD3.1	2697049	784	0	33	100	1	CGTTGGGTCAGAAATG-1
SRR11181956.680028073	no rank	2697049	729	729	32	100	1	CTCCTAGTCAAACGGG-1
SRR11181956.811348204	P0DTD2.1	2697049	784	0	33	100	1	CTCACACGTTAGATGA-1
SRR11181956.1002012871	no rank	2697049	784	784	33	100	1	CTAATGGGTATAGGGC-1
SRR11181956.476442203	no rank	2697049	784	784	33	100	1	CGATCGGCATTACCTT-1
SRR11181956.1262948702	UIA44558.1	2697049	100	0	15	100	1	CAAGAAAGTAATTGGA-1
SRR11181956.79857026	no rank	2697049	784	784	33	100	1	TACTTACTCCGTACAA-1
SRR11181956.685161487	no rank	2697049	169	169	18	100	1	GGTGAAGCACCGTTGG-1
SRR11181956.891748267	no rank	2697049	729	729	32	100	1	TTTCCTCTCGAATCCA-1
SRR11181956.1186193431	no rank	2697049	729	729	32	100	1	
SRR11181956.1105186864	no rank	2697049	784	784	33	100	1	GAAGCAGGTCTCTTAT-1
SRR11181956.614025348	UIA44558.1	2697049	100	0	15	100	1	CCTACCACAACTGGCC-1
SRR11181956.67087092	WCL51902.1	2697049	64	0	13	100	1	CACCTTGTCTCTGCTG-1
SRR11181956.106090039	no rank	2697049	729	729	32	100	1	AGATCTGTCTAACTGG-1
SRR11181956.412361035	UHD97225.1	2697049	64	0	13	100	1	GAACATCGTCCGAATT-1
SRR11181956.1127385601	no rank	2697049	784	784	33	100	1	CATTCGCCATTAACCG-1
SRR11181956.697928048	no rank	2697049	729	729	32	100	1	CTCACACGTTAGATGA-1
SRR11181956.515371988	no rank	2697049	729	729	32	100	1	GGTGAAGCACCGTTGG-1
SRR11181956.421270873	UIA44558.1	2697049	81	0	14	100	1	CCTTCCCTCGGTCCGA-1
SRR11181956.507478585	UDZ20496.1	2697049	49	0	12	100	1	ACTTTCAGTCTAACGT-1
SRR11181956.522805002	no rank	2697049	784	784	33	100	1	
SRR11181956.670849335	no rank	2697049	784	784	33	100	1	
SRR11181956.1069296276	no rank	2697049	784	784	33	100	1	GGTGTTAGTAGCGTGA-1
SRR11181956.1046646161	no rank	2697049	784	784	33	100	1	TTAGGCATCTATCCCG-1
SRR11181956.795235167	no rank	2697049	784	784	33	100	1	TCTTTCCTCGACAGCC-1
SRR11181956.1170029432	no rank	2697049	784	784	33	100	1	GAAGCAGCACCGATAT-1
SRR11181956.1289979430	no rank	2697049	729	729	32	100	1	
SRR11181956.76469560	P0DTD3.1	2697049	784	0	33	100	1	TGTGGTATCTGTCCGT-1
SRR11181956.796700208	WCP36159.1	2697049	169	0	18	100	1	TTAGTTCCATTCTTAC-1
SRR11181956.1256848386	UIA44558.1	2697049	81	0	14	100	1	TAGGCATTCAGGCAAG-1
SRR11181956.1243411617	WCL51902.1	2697049	64	0	13	100	1	AAACCTGCAATGGTCT-1
SRR11181956.1106244390	no rank	2697049	729	729	32	100	1	ATCGAGTCAGTCTTCC-1
SRR11181956.717592602	no rank	2697049	729	729	32	100	1	TGCACCTGTAATCGTC-1
SRR11181956.746751823	WCL51902.1	2697049	49	0	12	100	1	CTGTGCTTCACCACCT-1
SRR11181956.1281616315	no rank	2697049	729	729	32	100	1	GTGCGGTAGGGCTTGA-1
SRR11181956.917668245	no rank	2697049	100	100	15	100	1	CTCCTAGCATTGTGCA-1
SRR11181956.1371838486	no rank	2697049	784	784	33	100	1	TGTGGTATCTGTCCGT-1
SRR11181956.755471941	no rank	2697049	144	144	17	100	1	CTCCTAGCATTGTGCA-1
SRR11181956.242684623	no rank	2697049	81	81	14	100	1	GATTCAGCATGCCTAA-1
SRR11181956.903657994	no rank	2697049	729	729	32	100	1	CCATTCGCACGGATAG-1
SRR11181956.517446936	UIA44558.1	2697049	49	36	12	100	1	ATAGACCTCTACTCAT-1
SRR11181956.1241264590	no rank	2697049	784	784	33	100	1	
SRR11181956.94507900	no rank	2697049	784	784	33	100	1	GGCGACTAGATACACA-1
SRR11181956.1371259835	no rank	2697049	729	729	32	100	1	AAGACCTGTTCAACCA-1
SRR11181956.893474989	no rank	2697049	36	36	11	100	1	ACATACGTCAGTGTTG-1
SRR11181956.781319125	UJV15164.1	2697049	196	0	19	100	1	CAAGGCCAGTAGATGT-1
SRR11181956.390152292	no rank	2697049	784	784	33	100	1	ATCGAGTCAGTCTTCC-1
SRR11181956.158612241	no rank	2697049	729	729	32	100	1	GGTGAAGCACCGTTGG-1
SRR11181956.1007230766	no rank	2697049	784	784	33	100	1	AGCTCCTCACGGCTAC-1
SRR11181956.699780754	no rank	2697049	324	324	23	100	1	CGGACTGGTATATCCG-1
SRR11181956.1155235841	UIA44558.1	2697049	100	0	15	100	1	AGGCCACTCGTCCAGG-1
SRR11181956.200895533	UIA44558.1	2697049	100	0	15	100	1	CTCAGAACAGCTCCGA-1
SRR11181956.161513493	WCL51902.1	2697049	64	0	13	100	1	ATTATCCTCGTTTGCC-1
SRR11181956.600336932	no rank	2697049	784	784	33	100	1	CCAGCGATCGACGGAA-1
SRR11181956.1289937591	no rank	2697049	729	729	32	100	1	
SRR11181956.325829816	WCL51902.1	2697049	121	0	16	100	1	GCATGTACAGACACTT-1
SRR11181956.660908665	no rank	2697049	784	784	33	100	1	TGCTGCTGTTCCAACA-1
SRR11181956.1092182949	no rank	2697049	729	729	32	100	1	ACAGCTACATGAAGTA-1
SRR11181956.157690083	no rank	2697049	729	729	32	100	1	GGTGAAGCACCGTTGG-1
SRR11181956.721267588	no rank	2697049	36	36	11	100	1	CGTTGGGCATCCAACA-1
SRR11181956.174186046	no rank	2697049	784	784	33	100	1	TGGCGCATCCGGGTGT-1
SRR11181956.340243936	no rank	2697049	784	784	33	100	1	CAGGTGCAGATCCCAT-1
SRR11181956.1079557062	no rank	2697049	784	784	33	100	1	GGTGAAGCACCGTTGG-1
SRR11181956.689404996	XEA53857.1	2697049	36	0	11	100	1	GACCAATCAAAGCAAT-1
SRR11181956.1130846398	no rank	2697049	729	729	32	100	1	
SRR11181956.581451722	UIA44558.1	2697049	64	0	13	100	1	AACTCTTAGGAGTTGC-1
SRR11181956.135478322	no rank	2697049	784	784	33	100	1	ACAGCCGCAGTGACAG-1
SRR11181956.340222388	no rank	2697049	784	784	33	100	1	CTCACACGTTAGATGA-1
SRR11181956.438826027	no rank	2697049	729	729	32	100	1	TGCACCTGTAATCGTC-1
SRR11181956.155437908	no rank	2697049	729	729	32	100	1	TTAGGCATCTATCCCG-1
SRR11181956.1413793896	no rank	2697049	81	81	14	100	1	TGGCTGGCATAGAAAC-1
SRR11181956.50357433	no rank	2697049	100	100	15	100	1	GACCAATGTTAGTGGG-1
SRR11181956.28514106	no rank	2697049	784	784	33	100	1	CTCACACGTTAGATGA-1
SRR11181956.47270439	no rank	2697049	784	784	33	100	1	TTAACTCCAACACCCG-1
SRR11181956.58843348	no rank	2697049	729	729	32	100	1	CCAGCGATCGACGGAA-1
SRR11181956.680912088	UIA44558.1	2697049	81	0	14	100	1	ATGAGGGAGGTGATAT-1
SRR11181956.1213646860	ULM66311.1	2697049	400	0	25	100	1	
SRR11181956.1001606492	WCL51902.1	2697049	64	0	13	100	1	ATCATGGAGAAACCGC-1
SRR11181956.665934387	no rank	2697049	784	784	33	100	1	CACAAACGTCATTAGC-1
SRR11181956.359828293	WCL51902.1	2697049	64	0	13	100	1	ACCGTAAGTCCTAGCG-1
SRR11181956.1172544832	no rank	2697049	729	729	32	100	1	TGAGAGGCAGCTGCAC-1
SRR11181956.1038050285	no rank	2697049	784	784	33	100	1	GGTGAAGCACCGTTGG-1
SRR11181956.657014771	ULM66311.1	2697049	225	49	20	100	1	
SRR11181956.107608858	no rank	2697049	81	81	14	100	1	GTGTTAGTCACGACTA-1
SRR11181956.125796998	no rank	2697049	784	784	33	100	1	CTCGTCACAGAAGCAC-1
SRR11181956.141458222	no rank	2697049	784	784	33	100	1	CCACTACGTAGCTGCC-1
SRR11181956.303739537	no rank	2697049	784	784	33	100	1	AGCAGCCTCACAGTAC-1
SRR11181956.854887170	UIA44558.1	2697049	100	0	15	100	1	AGAGCGAAGTGAACAT-1
SRR11181956.673020162	no rank	2697049	784	784	33	100	1	ACTTACTAGACTAGGC-1
SRR11181956.1259494103	no rank	2697049	784	784	33	100	1	TTTATGCCAGGTTTCA-1
SRR11181956.116294348	UHJ15804.1	2697049	64	0	13	100	1	TCGTAGAAGGGTATCG-1
SRR11181956.1204469893	no rank	2697049	784	784	33	100	1	CACATTTAGCCCAACC-1
SRR11181956.1011470449	no rank	2697049	784	784	33	100	1	GTGCGGTAGGGCTTGA-1
SRR11181956.607468280	no rank	2697049	784	784	33	100	1	TTAACTCCAACACCCG-1
SRR11181956.633817299	no rank	2697049	784	784	33	100	1	ATCGAGTTCACTTACT-1
SRR11181956.1036439590	no rank	2697049	784	784	33	100	1	
SRR11181956.1366696845	UIA44558.1	2697049	81	0	14	100	1	TTCTTAGAGACCGGAT-1
SRR11181956.626740093	no rank	2697049	784	784	33	100	1	CAGGTGCAGATCCCAT-1
SRR11181956.1312944510	no rank	2697049	49	49	12	100	1	
SRR11181956.691372219	no rank	2697049	784	784	33	100	1	ACAGCTACATGAAGTA-1
SRR11181956.251173021	no rank	2697049	784	784	33	100	1	ATTGGACCATCCGTGG-1
SRR11181956.1171878872	no rank	2697049	729	729	32	100	1	ACAGCTACATGAAGTA-1
SRR11181956.657878905	no rank	2697049	784	784	33	100	1	
SRR11181956.66609109	no rank	2697049	144	144	17	100	1	CGCCAAGGTCTTGTCC-1
SRR11181956.569484290	no rank	2697049	784	784	33	100	1	GGTGAAGCACCGTTGG-1
SRR11181956.114215548	no rank	2697049	784	784	33	100	1	TTTATGCCAGGTTTCA-1
SRR11181956.1133572893	no rank	2697049	100	100	15	100	1	AGACGTTCATGGTCTA-1
SRR11181956.64057926	no rank	2697049	64	64	13	100	1	CTCCTAGCATTGTGCA-1
SRR11181956.784593773	no rank	2697049	729	729	32	100	1	
SRR11181956.480484336	no rank	2697049	784	784	33	100	1	
SRR11181956.850788814	P0DTD2.1	2697049	784	0	33	100	1	ATTGGACCATCCGTGG-1
SRR11181956.405634794	UPD46762.1	2697049	49	0	12	100	1	GGAAAGCCAGCTTCGG-1
SRR11181956.449809648	WCL51902.1	2697049	64	0	13	100	1	GAATAAGCACCGGAAA-1
SRR11181956.895990020	no rank	2697049	729	729	32	100	1	
SRR11181956.951714306	no rank	2697049	49	49	12	100	1	GGACAAGCAAGAAAGG-1
SRR11181956.159937395	no rank	2697049	784	784	33	100	1	GGTGAAGCACCGTTGG-1
SRR11181956.113675264	no rank	2697049	324	324	23	100	1	
SRR11181956.186708504	no rank	2697049	784	784	33	100	1	GCAGTTAGTGAGTGAC-1
SRR11181956.645639446	UPD46762.1	2697049	49	0	12	100	1	
SRR11181956.409589834	UIA44558.1	2697049	81	0	14	100	1	GAAATGAGTCCAAGTT-1
SRR11181956.493214854	no rank	2697049	324	324	23	100	1	GGTGAAGCACCGTTGG-1
SRR11181956.954008061	UIA44558.1	2697049	81	0	14	100	1	AATCCAGCACTTCTGC-1
SRR11181956.574013122	no rank	2697049	729	729	32	100	1	
SRR11181956.344574576	no rank	2697049	784	784	33	100	1	GGTGAAGCACCGTTGG-1
SRR11181956.980652328	UIA44558.1	2697049	81	0	14	100	1	TTTCCTCCACGAAATA-1
SRR11181956.249968805	no rank	2697049	49	49	12	100	1	CCGGGATTCAGAGACG-1
SRR11181956.581064186	UMR01211.1	2697049	100	0	15	100	1	GTCGTAATCAACACTG-1
SRR11181956.13262754	no rank	2697049	784	784	33	100	1	
SRR11181956.395174604	no rank	2697049	729	729	32	100	1	GGTGAAGCACCGTTGG-1
SRR11181956.750231193	no rank	2697049	784	784	33	100	1	GCCTCTAAGTGGCACA-1
SRR11181956.867194970	no rank	2697049	784	784	33	100	1	TCTTTCCTCGACAGCC-1
SRR11181956.949370619	no rank	2697049	729	729	32	100	1	
SRR11181956.1287354988	no rank	2697049	729	729	32	100	1	GGTGAAGCACCGTTGG-1
SRR11181956.736926929	UIA44558.1	2697049	100	0	15	100	1	TGCTGCTAGACCCACC-1
SRR11181956.841861019	no rank	2697049	784	784	33	100	1	ACTTACTAGACTAGGC-1
SRR11181956.986718131	no rank	2697049	784	784	33	100	1	
SRR11181956.408212493	no rank	2697049	729	729	32	100	1	AGATCTGTCTAACTGG-1
SRR11181956.1364379237	no rank	2697049	324	324	23	100	1	GGTGAAGCACCGTTGG-1
SRR11181956.518069280	WCL51902.1	2697049	49	0	12	100	1	TGCGGGTGTGCGAAAC-1
SRR11181956.455376726	WFH08539.1	2697049	36	0	11	100	1	AGATTGCCATGGATGG-1
SRR11181956.1320425258	WCL51902.1	2697049	49	0	12	100	1	ACATGGTTCAACGAAA-1
SRR11181956.368787235	UKR28309.1	2697049	49	36	12	100	1	CCACGGAGTGCAGTAG-1
SRR11181956.1026638528	no rank	2697049	784	784	33	100	1	TGGCGCACATCGATTG-1
SRR11181956.1366067604	no rank	2697049	324	324	23	100	1	
SRR11181956.689783845	UIA44558.1	2697049	100	0	15	100	1	CGAACATTCAACTCTT-1
SRR11181956.406879427	no rank	2697049	784	784	33	100	1	CATTCGCCATTAACCG-1
SRR11181956.321177190	no rank	2697049	729	729	32	100	1	ATCGAGTCAGTCTTCC-1
SRR11181956.915004217	no rank	2697049	64	64	13	100	1	ACACCCTTCGGTTCGG-1
SRR11181956.898478760	no rank	2697049	784	784	33	100	1	GAAGCAGCACCGATAT-1
SRR11181956.64501370	UIA44558.1	2697049	64	0	13	100	1	CAGCATATCCTATGTT-1
SRR11181956.703091543	no rank	2697049	784	784	33	100	1	TCTTTCCTCGACAGCC-1
SRR11181956.613818093	no rank	2697049	49	49	12	100	1	GGTGAAGCACCGTTGG-1
SRR11181956.478905054	no rank	2697049	49	49	12	100	1	TCGCGAGTCCATTCTA-1
SRR11181956.494163908	UFH61318.1	2697049	49	0	12	100	1	GTGTGCGTCCTTGCCA-1
SRR11181956.1355826269	no rank	2697049	100	100	15	100	1	TGCCCTACACAGCCCA-1
SRR11181956.644187330	UIE93167.1	2697049	36	0	11	100	1	TGCACCTGTAATCGTC-1
SRR11181956.1316836486	no rank	2697049	784	784	33	100	1	
SRR11181956.748990526	WCL51902.1	2697049	81	0	14	100	1	AATCGGTCAAGGCTCC-1
SRR11181956.1318993236	no rank	2697049	64	64	13	100	1	GGTGAAGCACCGTTGG-1
SRR11181956.3447652	no rank	2697049	784	784	33	100	1	
SRR11181956.1374017701	WBP59901.1	2697049	36	0	11	100	1	GCGAGAAGTTACGTCA-1
SRR11181956.321559142	P0DTD2.1	2697049	784	0	33	100	1	
SRR11181956.658607816	UPW90518.1	2697049	49	0	12	100	1	ACGATACCATGCAACT-1
SRR11181956.1289184520	no rank	2697049	784	784	33	100	1	CGGACTGCATTACCTT-1
SRR11181956.454497864	UIA44558.1	2697049	81	0	14	100	1	TAGGCATTCACAGGCC-1
SRR11181956.967195692	no rank	2697049	784	784	33	100	1	TGGGCGTAGTAAGTAC-1
SRR11181956.1049856723	no rank	2697049	729	729	32	100	1	GGTGAAGCACCGTTGG-1
SRR11181956.1383385623	WGC77440.1	2697049	36	0	11	100	1	GCTGCAGTCGGTGTCG-1
SRR11181956.478654454	no rank	2697049	784	784	33	100	1	CCAGCGATCGACGGAA-1
SRR11181956.307212761	no rank	2697049	784	784	33	100	1	
SRR11181956.1140350173	no rank	2697049	49	49	12	100	1	CCTATTATCTGTCAAG-1
SRR11181956.566738325	no rank	2697049	784	784	33	100	1	CACCTTGAGTGGCACA-1
SRR11181956.737028158	no rank	2697049	729	729	32	100	1	
SRR11181956.1225526114	no rank	2697049	729	729	32	100	1	CAGTCCTCAAGCCGTC-1
SRR11181956.828077763	no rank	2697049	784	784	33	100	1	ACTTACTCAAGAGTCG-1
SRR11181956.17723049	no rank	2697049	784	784	33	100	1	CTCGTCACAGAAGCAC-1
SRR11181956.1409426885	P0DTD3.1	2697049	729	0	32	100	1	GGTGAAGCACCGTTGG-1
SRR11181956.1253562626	no rank	2697049	784	784	33	100	1	ACAGCTACATGAAGTA-1
SRR11181956.1359073503	no rank	2697049	81	81	14	100	1	TTTACTGCATCCGTGG-1
SRR11181956.418502952	no rank	2697049	729	729	32	100	1	ACAGCTACATGAAGTA-1
SRR11181956.582556888	no rank	2697049	324	324	23	100	1	ACGGGTCCAGAGCCAA-1
SRR11181956.299205605	no rank	2697049	729	729	32	100	1	ATCATGGAGTCCTCCT-1
SRR11181956.1056684803	no rank	2697049	784	784	33	100	1	
SRR11181956.605458406	no rank	2697049	784	784	33	100	1	AGCCTAATCGAGCCCA-1
SRR11181956.1160533676	no rank	2697049	784	784	33	100	1	CTCGAAAGTTCAACCA-1
SRR11181956.863468321	ULM66311.1	2697049	256	36	21	100	1	
SRR11181956.1334971462	no rank	2697049	100	100	15	100	1	CGTAGCGAGAGGTTAT-1
SRR11181956.377303693	no rank	2697049	729	729	32	100	1	CCACTACGTAGCTGCC-1
SRR11181956.987068713	no rank	2697049	784	784	33	100	1	ACAGCCGCAGTGACAG-1
SRR11181956.17358673	UIA44558.1	2697049	81	0	14	100	1	CTTGGCTGTATTAGCC-1
SRR11181956.819907353	no rank	2697049	729	729	32	100	1	ACTTACTAGACTAGGC-1
SRR11181956.901682094	no rank	2697049	729	729	32	100	1	GGTGAAGCACCGTTGG-1
SRR11181956.783784814	UNN72580.1	2697049	576	0	29	100	1	TGACTTTCACGCCAGT-1
SRR11181956.493138436	no rank	2697049	729	729	32	100	1	
SRR11181956.47804510	no rank	2697049	784	784	33	100	1	ATGCGATTCACAAACC-1
SRR11181956.372918375	no rank	2697049	784	784	33	100	1	TTAACTCCAACACCCG-1
SRR11181956.1083631909	no rank	2697049	49	49	12	100	1	GGACAAGCAAGAAAGG-1
SRR11181956.469650402	no rank	2697049	729	729	32	100	1	AGATCTGTCTAACTGG-1
SRR11181956.873775750	no rank	2697049	784	784	33	100	1	ATCGAGTCAGTCTTCC-1
SRR11181956.651877331	no rank	2697049	729	729	32	100	1	CACCTTGTCATTTGGG-1
SRR11181956.1213451340	UIA44558.1	2697049	100	0	15	100	1	CACAGTATCTTCAACT-1
SRR11181956.705692237	USW30451.1	2697049	225	0	20	100	1	ATGCGATTCACAAACC-1
SRR11181956.27711353	XND85452.1	2697049	36	0	11	100	1	CGCTGGAAGCCAACAG-1
SRR11181956.365573748	no rank	2697049	784	784	33	100	1	ACTTACTAGACTAGGC-1
SRR11181956.1236750525	no rank	2697049	729	729	32	100	1	CTCACACGTTAGATGA-1
SRR11181956.404954240	no rank	2697049	64	64	13	100	1	TTAGGCACATTAACCG-1
SRR11181956.714072349	no rank	2697049	676	676	31	100	1	
SRR11181956.286308568	no rank	2697049	784	784	33	100	1	ACAGCTACATGAAGTA-1
SRR11181956.717363686	no rank	2697049	324	324	23	100	1	CAGTCCTCATGTCCTC-1
SRR11181956.838441511	no rank	2697049	784	784	33	100	1	AAGACCTAGATGGCGT-1
SRR11181956.292061984	no rank	2697049	729	729	32	100	1	
SRR11181956.213499500	no rank	2697049	81	81	14	100	1	GCAGCCAAGAGTAATC-1
SRR11181956.355019893	no rank	2697049	81	81	14	100	1	CTCCTAGCATTGTGCA-1
SRR11181956.430163133	no rank	2697049	784	784	33	100	1	
SRR11181956.903535739	no rank	2697049	729	729	32	100	1	TGGGCGTAGTAAGTAC-1
SRR11181956.344180511	no rank	2697049	784	784	33	100	1	
SRR11181956.312991302	no rank	2697049	784	784	33	100	1	
SRR11181956.1385208083	UIA44558.1	2697049	81	0	14	100	1	GCAAACTGTAAACACA-1
SRR11181956.223865572	no rank	2697049	784	784	33	100	1	ATTGGACCATCCGTGG-1
SRR11181956.681035527	no rank	2697049	729	729	32	100	1	
SRR11181956.1068114671	no rank	2697049	729	729	32	100	1	
SRR11181956.903231970	ULM66311.1	2697049	400	0	25	100	1	
SRR11181956.1343587831	no rank	2697049	36	36	11	100	1	ACATACGTCAGTGTTG-1
SRR11181956.1360202052	no rank	2697049	729	729	32	100	1	ACAGCTACATGAAGTA-1
SRR11181956.1322873856	no rank	2697049	784	784	33	100	1	
SRR11181956.390863228	UIA44558.1	2697049	81	0	14	100	1	CGACTTCAGCTGCCCA-1
SRR11181956.662324477	no rank	2697049	784	784	33	100	1	GTGTTAGTCACGACTA-1
SRR11181956.968854659	WCL51902.1	2697049	64	0	13	100	1	AAACCTGGTTCCGGCA-1
SRR11181956.610640088	no rank	2697049	324	324	23	100	1	GTAGGCCAGTGCCAGA-1
SRR11181956.296555513	UHE76517.1	2697049	81	36	14	100	1	CTTTGCGCATCAGTAC-1
SRR11181956.508630034	no rank	2697049	729	729	32	100	1	CAGGTGCAGATCCCAT-1
SRR11181956.1157370738	no rank	2697049	81	81	14	100	1	CTCACACGTTAGATGA-1
SRR11181956.1391047391	UDY38951.1	2697049	36	0	11	100	1	CAGCGACCAGGGTTAG-1
SRR11181956.522027060	no rank	2697049	784	784	33	100	1	TTTATGCCAGGTTTCA-1
SRR11181956.557620263	no rank	2697049	784	784	33	100	1	CATTCGCCATTAACCG-1
SRR11181956.684770576	no rank	2697049	64	64	13	100	1	CAGGTGCGTGCGGTAA-1
SRR11181956.333960773	no rank	2697049	784	784	33	100	1	
SRR11181956.980630073	UAU68531.1	2697049	676	0	31	100	1	GTGTTAGTCACGACTA-1
SRR11181956.597961095	no rank	2697049	81	81	14	100	1	GCAGCCAAGAGTAATC-1
SRR11181956.1030337344	P0DTD3.1	2697049	784	0	33	100	1	GGTGAAGCACCGTTGG-1
SRR11181956.790540929	UIA44558.1	2697049	81	0	14	100	1	ACGAGCCAGTGGAGAA-1
SRR11181956.719999053	no rank	2697049	784	784	33	100	1	ATGCGATTCACAAACC-1
SRR11181956.1410723714	no rank	2697049	729	729	32	100	1	CAGGTGCGTGCGGTAA-1
SRR11181956.169134698	no rank	2697049	784	784	33	100	1	ATGCGATTCACAAACC-1
SRR11181956.760320656	no rank	2697049	784	784	33	100	1	TGAGAGGCAGCTGCAC-1
SRR11181956.342761966	UDL67294.1	2697049	36	0	11	100	1	GATGCTATCCTGTACC-1
SRR11181956.1265909741	no rank	2697049	81	81	14	100	1	TCGGGACTCGACCAGC-1
SRR11181956.731680837	no rank	2697049	729	729	32	100	1	GTAGGCCAGTGCCAGA-1
SRR11181956.601233071	no rank	2697049	784	784	33	100	1	AACTTTCCAAGCGAGT-1
SRR11181956.337335751	UIA44558.1	2697049	81	0	14	100	1	CTGCTGTGTCAGTGGA-1
SRR11181956.1106038896	no rank	2697049	729	729	32	100	1	GAACATCAGCCGTCGT-1
SRR11181956.117867416	no rank	2697049	784	784	33	100	1	GGTGTTAGTAGCGTGA-1
SRR11181956.1167730329	no rank	2697049	784	784	33	100	1	CTGTTTAGTTCGCTAA-1
SRR11181956.943966381	no rank	2697049	784	784	33	100	1	GGTGAAGCACCGTTGG-1
SRR11181956.756761591	UHJ15804.1	2697049	64	0	13	100	1	CGTAGCGCACAAGCCC-1
SRR11181956.1411242605	no rank	2697049	729	729	32	100	1	CTGTTTAGTTCGCTAA-1
SRR11181956.38279054	WCL51902.1	2697049	100	0	15	100	1	ATCATCTTCATCGGAT-1
SRR11181956.1195310980	no rank	2697049	729	729	32	100	1	GCAGTTAGTGAGTGAC-1
SRR11181956.985859885	no rank	2697049	784	784	33	100	1	
SRR11181956.836587903	no rank	2697049	784	784	33	100	1	TGACTTTCACGCCAGT-1
SRR11181956.1393738082	no rank	2697049	729	729	32	100	1	AGATCTGTCTAACTGG-1
SRR11181956.472244831	no rank	2697049	784	784	33	100	1	ATCATGGAGTCCTCCT-1
SRR11181956.219985966	no rank	2697049	729	729	32	100	1	GAAGCAGGTCTCTTAT-1
SRR11181956.422229597	no rank	2697049	784	784	33	100	1	GGTGTTAGTAGCGTGA-1
SRR11181956.513211720	no rank	2697049	784	784	33	100	1	CTCACACGTTAGATGA-1
SRR11181956.1197629060	UIA44558.1	2697049	100	0	15	100	1	TGCGTGGAGGGTTTCT-1
SRR11181956.345223208	no rank	2697049	36	36	11	100	1	TCTTCGGAGTAGATGT-1
SRR11181956.673286483	UGL79554.2	2697049	121	100	16	100	1	CTCCTAGTCAAACGGG-1
SRR11181956.23396876	QTI98968.1	2697049	36	0	11	100	1	CGGACTGGTGCGGTAA-1
SRR11181956.825334758	no rank	2697049	784	784	33	100	1	
SRR11181956.1350579162	no rank	2697049	784	784	33	100	1	CTCGTCACAGAAGCAC-1
SRR11181956.860500836	no rank	2697049	784	784	33	100	1	CGATCGGCATTACCTT-1
SRR11181956.350172517	no rank	2697049	784	784	33	100	1	GGTGAAGCACCGTTGG-1
SRR11181956.542635518	no rank	2697049	729	729	32	100	1	GGTGAAGCACCGTTGG-1
SRR11181956.150629962	WCL51902.1	2697049	81	0	14	100	1	ACAGCTAAGGACCACA-1
SRR11181956.831580717	no rank	2697049	784	784	33	100	1	CCGTTCAGTAGCGTAG-1
SRR11181956.1416197362	no rank	2697049	36	36	11	100	1	CCGGGATGTACTTCTT-1
SRR11181956.331934965	no rank	2697049	729	729	32	100	1	TGACTTTTCTGGTATG-1
SRR11181956.594824559	no rank	2697049	784	784	33	100	1	
SRR11181956.805965036	UIA44558.1	2697049	81	0	14	100	1	CACCTTGGTGTGGCTC-1
SRR11181956.499030123	no rank	2697049	64	64	13	100	1	GTCTCGTAGCCGATTT-1
SRR11181956.1147772321	no rank	2697049	784	784	33	100	1	CAGTCCTCAAGCCGTC-1
SRR11181956.388221775	no rank	2697049	784	784	33	100	1	AAGGTTCAGACTAGAT-1
SRR11181956.748455088	no rank	2697049	64	64	13	100	1	
SRR11181956.335463825	no rank	2697049	81	81	14	100	1	CTCCTAGCATTGTGCA-1
SRR11181956.698298936	no rank	2697049	81	81	14	100	1	GTAGGCCAGTGCCAGA-1
SRR11181956.348193775	no rank	2697049	81	81	14	100	1	CTCGAGGGTGTTCGAT-1
SRR11181956.381303383	no rank	2697049	729	729	32	100	1	CGTTGGGCAGTTTACG-1
SRR11181956.464839799	ULM66311.1	2697049	225	49	20	100	1	
SRR11181956.803933722	no rank	2697049	784	784	33	100	1	TTTATGCCAGGTTTCA-1
SRR11181956.585699229	WCL51902.1	2697049	100	0	15	100	1	TGGGAAGGTTCTCATT-1
SRR11181956.1113501258	no rank	2697049	784	784	33	100	1	CACATTTAGCCCAACC-1
SRR11181956.357987441	no rank	2697049	784	784	33	100	1	TGTCCCAGTTATGCGT-1
SRR11181956.54733309	UIA44558.1	2697049	81	0	14	100	1	CTCGAGGTCTAGCACA-1
SRR11181956.610023860	WCL51902.1	2697049	81	0	14	100	1	GAACATCGTGATAAGT-1
SRR11181956.896707661	no rank	2697049	729	729	32	100	1	AACTTTCCAAGCGAGT-1
SRR11181956.837181131	no rank	2697049	784	784	33	100	1	TGTGGTATCTGTCCGT-1
SRR11181956.681287208	UEV19238.1	2697049	361	0	24	100	1	TGGGCGTAGTAAGTAC-1
SRR11181956.147982690	UHJ15804.1	2697049	64	0	13	100	1	TTAGGACGTGGTGTAG-1
SRR11181956.874529878	no rank	2697049	36	36	11	100	1	
SRR11181956.484012287	no rank	2697049	100	100	15	100	1	TACGGGCAGACGCACA-1
SRR11181956.460622703	UIA44558.1	2697049	81	0	14	100	1	CACATTTTCTCCAACC-1
SRR11181956.936616743	WCP36159.1	2697049	144	0	17	100	1	CTCAGAAAGAGCCCAA-1
SRR11181956.502754435	no rank	2697049	729	729	32	100	1	CTCACACGTTAGATGA-1
SRR11181956.649543413	no rank	2697049	784	784	33	100	1	CACATTTAGCCCAACC-1
SRR11181956.1217624906	no rank	2697049	784	784	33	100	1	ACTTACTAGACTAGGC-1
SRR11181956.559209543	no rank	2697049	784	784	33	100	1	GGCGACTAGATACACA-1
SRR11181956.173954821	no rank	2697049	784	784	33	100	1	CACCTTGAGTGGCACA-1
SRR11181956.205098438	UIA44558.1	2697049	64	0	13	100	1	CGGACGTTCGTGGTCG-1
SRR11181956.61394842	UIA44558.1	2697049	81	0	14	100	1	CTAACTTAGCCCAACC-1
SRR11181956.389184308	no rank	2697049	729	729	32	100	1	ACAGCTACATGAAGTA-1
SRR11181956.1124657613	no rank	2697049	784	784	33	100	1	GGTGTTAGTAGCGTGA-1
SRR11181956.1372707164	no rank	2697049	36	36	11	100	1	GGACAAGCACAGTCGC-1
SRR11181956.1108368653	UIA44558.1	2697049	81	0	14	100	1	
SRR11181956.1073181543	UIA44558.1	2697049	81	0	14	100	1	CATCAAGGTGGTACAG-1
SRR11181956.969589118	no rank	2697049	729	729	32	100	1	GGTGAAGCACCGTTGG-1
SRR11181956.456544669	WCL51902.1	2697049	81	0	14	100	1	AATCGGTCAGCATGAG-1
SRR11181956.1386284867	P0DTD2.1	2697049	784	0	33	100	1	ATTGGACCATCCGTGG-1
SRR11181956.776277018	no rank	2697049	100	100	15	100	1	GCCAAATCACCATCCT-1
SRR11181956.1167494978	no rank	2697049	784	784	33	100	1	ACTTACTAGACTAGGC-1
SRR11181956.1251088751	no rank	2697049	784	784	33	100	1	CTCACACGTTAGATGA-1
SRR11181956.1372872409	no rank	2697049	784	784	33	100	1	AGATCTGTCTAACTGG-1
SRR11181956.659439377	UIA44558.1	2697049	100	0	15	100	1	TGCCCATAGCACCGCT-1
SRR11181956.792339767	UIA44558.1	2697049	81	0	14	100	1	GCCAAATTCTTTAGGG-1
SRR11181956.945983075	no rank	2697049	784	784	33	100	1	CTCGTCACAGAAGCAC-1
SRR11181956.1361598716	UIA44558.1	2697049	64	0	13	100	1	TCGGTAAGTGCCTGTG-1
SRR11181956.1185544237	no rank	2697049	784	784	33	100	1	
SRR11181956.1199416188	no rank	2697049	784	784	33	100	1	
SRR11181956.338176784	no rank	2697049	49	49	12	100	1	CTCTACGCACGAAACG-1
SRR11181956.1272540835	WCL51902.1	2697049	81	0	14	100	1	ACGGAGAAGCGATAGC-1
SRR11181956.733087246	no rank	2697049	36	36	11	100	1	
SRR11181956.1349968988	no rank	2697049	676	676	31	100	1	
SRR11181956.397298277	no rank	2697049	729	729	32	100	1	CAGTCCTCAAGCCGTC-1
SRR11181956.433381991	UJR74790.2	2697049	64	0	13	100	1	CTAATGGGTAGCTAAA-1
SRR11181956.577470954	no rank	2697049	784	784	33	100	1	CACAAACGTCATTAGC-1
SRR11181956.576863121	no rank	2697049	729	729	32	100	1	GGTGAAGCACCGTTGG-1
SRR11181956.951992786	UIA44558.1	2697049	100	0	15	100	1	TACGGGCCATGCCTTC-1
SRR11181956.677918226	WRY79273.1	2697049	49	36	12	100	1	TGAGCATTCTTGTATC-1
SRR11181956.1171181407	no rank	2697049	100	100	15	100	1	GGGATGAGTAGAAAGG-1
SRR11181956.642167269	QZP51643.1	2697049	144	0	17	100	1	AACTCAGCACAACGTT-1
SRR11181956.1017664739	no rank	2697049	729	729	32	100	1	GGTGAAGCACCGTTGG-1
SRR11181956.117790611	WCL51902.1	2697049	64	0	13	100	1	TGAGCATGTTGGACCC-1
SRR11181956.406048563	no rank	2697049	400	400	25	100	1	GCCTCTAAGGGTATCG-1
SRR11181956.878965977	no rank	2697049	784	784	33	100	1	ATCATGGAGTCCTCCT-1
SRR11181956.464073549	no rank	2697049	676	676	31	100	1	CGTTGGGCAGTTTACG-1
SRR11181956.243333801	no rank	2697049	784	784	33	100	1	
SRR11181956.1136904434	no rank	2697049	81	81	14	100	1	TTAGGCACATCACAAC-1
SRR11181956.993849075	no rank	2697049	36	36	11	100	1	CTGTTTAGTTCGCTAA-1
SRR11181956.771235687	no rank	2697049	784	784	33	100	1	
SRR11181956.1020423764	no rank	2697049	729	729	32	100	1	CCACTACGTGGCAAAC-1
SRR11181956.166845553	no rank	2697049	784	784	33	100	1	TACTTACTCCGTACAA-1
SRR11181956.324791199	no rank	2697049	784	784	33	100	1	CATTCGCCATTAACCG-1
SRR11181956.1299962100	no rank	2697049	784	784	33	100	1	CTGCTGTCATGAGCGA-1
SRR11181956.525937787	no rank	2697049	784	784	33	100	1	GGTGAAGCACCGTTGG-1
SRR11181956.109220255	WBP59901.1	2697049	49	0	12	100	1	AGCTCCTAGAATCTCC-1
SRR11181956.918041601	no rank	2697049	100	100	15	100	1	CAGCAGCAGCCACGCT-1
SRR11181956.44411196	no rank	2697049	784	784	33	100	1	
SRR11181956.1109435859	no rank	2697049	784	784	33	100	1	CTCACACGTTAGATGA-1
SRR11181956.1074898267	WCL51902.1	2697049	64	0	13	100	1	TACTTGTGTTACCAGT-1
SRR11181956.1390374385	no rank	2697049	729	729	32	100	1	GGTGAAGCACCGTTGG-1
SRR11181956.642985011	ULM66311.1	2697049	225	36	20	100	1	
SRR11181956.384921480	no rank	2697049	729	729	32	100	1	
SRR11181956.386280387	no rank	2697049	324	324	23	100	1	TGGCGCACATCGATTG-1
SRR11181956.575611263	no rank	2697049	100	100	15	100	1	TGAGCCGCACATTCGA-1
SRR11181956.82710049	no rank	2697049	100	100	15	100	1	CACATTTAGCCCAACC-1
SRR11181956.497465538	no rank	2697049	784	784	33	100	1	GGTGAAGCACCGTTGG-1
SRR11181956.297043598	no rank	2697049	81	81	14	100	1	TTAGGCACATCACAAC-1
SRR11181956.888343752	no rank	2697049	784	784	33	100	1	CGTTGGGCAGTTTACG-1
SRR11181956.348367395	no rank	2697049	784	784	33	100	1	CCACTACGTGGCAAAC-1
SRR11181956.1235114035	no rank	2697049	289	289	22	100	1	GGTGAAGCACCGTTGG-1
SRR11181956.904661316	no rank	2697049	784	784	33	100	1	GGTGTTAGTAGCGTGA-1
SRR11181956.467060728	WCL51902.1	2697049	81	0	14	100	1	TGACAACGTTCCCTTG-1
SRR11181956.533852184	no rank	2697049	784	784	33	100	1	CACATTTAGCCCAACC-1
SRR11181956.53998933	no rank	2697049	81	81	14	100	1	TGACTTTCACGCCAGT-1
SRR11181956.194585392	no rank	2697049	784	784	33	100	1	TGAGCCGCACATTCGA-1
SRR11181956.1044597562	no rank	2697049	729	729	32	100	1	GAAGCAGGTCTCTTAT-1
SRR11181956.890272688	no rank	2697049	784	784	33	100	1	GCAGCCAAGAGTAATC-1
SRR11181956.720696245	no rank	2697049	784	784	33	100	1	GTAGGCCAGTGCCAGA-1
SRR11181956.1192467459	no rank	2697049	784	784	33	100	1	TGGGCGTAGTAAGTAC-1
SRR11181956.139019927	no rank	2697049	784	784	33	100	1	CTCACACGTTAGATGA-1
SRR11181956.1005705651	no rank	2697049	784	784	33	100	1	TGAGCCGCACATTCGA-1
SRR11181956.655524159	WCL51902.1	2697049	81	0	14	100	1	TTTACTGGTCCAGTAT-1
SRR11181956.1062953168	WFH08539.1	2697049	36	0	11	100	1	AGTGGGAGTGAGCGAT-1
SRR11181956.878164729	no rank	2697049	784	784	33	100	1	ACAGCCGCAGTGACAG-1
SRR11181956.240918633	no rank	2697049	729	729	32	100	1	CACAAACGTCATTAGC-1
SRR11181956.620706920	no rank	2697049	729	729	32	100	1	AGCCTAATCGAGCCCA-1
SRR11181956.808697714	no rank	2697049	784	784	33	100	1	CAGGTGCAGATCCCAT-1
SRR11181956.1232564531	no rank	2697049	784	784	33	100	1	TTTATGCCAGGTTTCA-1
SRR11181956.949889566	no rank	2697049	729	729	32	100	1	TTTATGCCAGGTTTCA-1
SRR11181956.1103077041	no rank	2697049	729	729	32	100	1	CACATTTAGCCCAACC-1
SRR11181956.1406598789	no rank	2697049	529	529	28	100	1	GAAGCAGGTCTCTTAT-1
SRR11181956.314143420	WCL51902.1	2697049	100	0	15	100	1	GTTCGGGTCGCGTAGC-1
SRR11181956.1043267456	QRK43735.1	2697049	784	0	33	100	1	CACATTTAGCCCAACC-1
SRR11181956.658492130	UIA44558.1	2697049	100	0	15	100	1	TCACGAAAGCGACGTA-1
SRR11181956.904494281	no rank	2697049	784	784	33	100	1	CAGTCCTCAAGCCGTC-1
SRR11181956.1263888329	no rank	2697049	784	784	33	100	1	GGTGAAGCACCGTTGG-1
SRR11181956.1225725646	no rank	2697049	784	784	33	100	1	GGCGACTAGATACACA-1
SRR11181956.701815279	UNJ76487.1	2697049	81	0	14	100	1	GGTGAAGCACCGTTGG-1
SRR11181956.581856512	no rank	2697049	784	784	33	100	1	TCGCGAGTCCATTCTA-1
SRR11181956.745350214	WCL51902.1	2697049	81	0	14	100	1	TTATGCTAGTTTCCTT-1
SRR11181956.495141681	no rank	2697049	100	100	15	100	1	GGTGAAGCACCGTTGG-1
SRR11181956.1379169319	no rank	2697049	100	100	15	100	1	GGACGTCAGCGAGAAA-1
SRR11181956.435576023	no rank	2697049	36	36	11	100	1	CAGATCATCTAACTTC-1
SRR11181956.438092770	no rank	2697049	784	784	33	100	1	GGTGAAGCACCGTTGG-1
SRR11181956.789261252	no rank	2697049	784	784	33	100	1	CTCGAAAGTTCAACCA-1
SRR11181956.1114376438	no rank	2697049	81	81	14	100	1	GCTGCTTGTGATGATA-1
SRR11181956.670519641	no rank	2697049	121	121	16	100	1	TACTTACTCCGTACAA-1
SRR11181956.1013903528	no rank	2697049	784	784	33	100	1	CTCGTCACAGAAGCAC-1
SRR11181956.1398010673	no rank	2697049	784	784	33	100	1	TGAGAGGCAGCTGCAC-1
SRR11181956.529717217	no rank	2697049	784	784	33	100	1	TGAGCCGCACATTCGA-1
SRR11181956.1181079200	no rank	2697049	100	100	15	100	1	GCAGCCAAGAGTAATC-1
SRR11181956.607656844	WCL51902.1	2697049	49	0	12	100	1	TTCTCAACATACTCTT-1
SRR11181956.871237790	no rank	2697049	625	625	30	100	1	
SRR11181956.73386542	no rank	2697049	729	729	32	100	1	CACCTTGAGTGGCACA-1
SRR11181956.115548495	no rank	2697049	784	784	33	100	1	ATGCGATTCACAAACC-1
SRR11181956.381000374	no rank	2697049	484	484	27	100	1	GCATGATTCGAGAGCA-1
SRR11181956.818512223	no rank	2697049	729	729	32	100	1	
SRR11181956.1357263680	WCL51902.1	2697049	100	0	15	100	1	TAAGCGTTCCGAGCCA-1
SRR11181956.603595402	no rank	2697049	729	729	32	100	1	GGTGAAGCACCGTTGG-1
SRR11181956.600710704	no rank	2697049	576	576	29	100	1	GGGCATCGTTCCTCCA-1
SRR11181956.708311319	no rank	2697049	784	784	33	100	1	TACTTACTCCGTACAA-1
SRR11181956.913751188	no rank	2697049	784	784	33	100	1	
SRR11181956.163758120	no rank	2697049	49	49	12	100	1	CGAGCACGTTCGTGAT-1
SRR11181956.556612486	no rank	2697049	784	784	33	100	1	
SRR11181956.981809248	UIA44558.1	2697049	81	0	14	100	1	ATTTCTGAGGTGCACA-1
SRR11181956.547591666	no rank	2697049	784	784	33	100	1	
SRR11181956.773663471	no rank	2697049	81	81	14	100	1	TTTGGTTCATCCCATC-1
SRR11181956.1045693755	no rank	2697049	81	81	14	100	1	TCAGATGAGAATGTTG-1
SRR11181956.1318617914	WRY79273.1	2697049	49	0	12	100	1	GGCTCGATCCCTTGTG-1
SRR11181956.406335891	WCL51902.1	2697049	64	0	13	100	1	ATGTGTGAGCAACGGT-1
SRR11181956.1312706668	no rank	2697049	324	324	23	100	1	AAGGTTCAGACTAGAT-1
SRR11181956.1213906699	no rank	2697049	729	729	32	100	1	CGATCGGCATTACCTT-1
SRR11181956.277836657	no rank	2697049	729	729	32	100	1	
SRR11181956.318999591	no rank	2697049	81	81	14	100	1	GTCTCGTTCATCTGTT-1
SRR11181956.643905432	no rank	2697049	784	784	33	100	1	
SRR11181956.716549743	no rank	2697049	36	36	11	100	1	GCTTGAACACTACAGT-1
SRR11181956.25160808	no rank	2697049	144	144	17	100	1	AACTTTCCAAGCGAGT-1
SRR11181956.715370815	no rank	2697049	784	784	33	100	1	TGAGAGGCAGCTGCAC-1
SRR11181956.672743769	no rank	2697049	784	784	33	100	1	CCGTTCAGTAGCGTAG-1
SRR11181956.646699334	no rank	2697049	729	729	32	100	1	
SRR11181956.187984825	no rank	2697049	784	784	33	100	1	ACTTACTAGACTAGGC-1
SRR11181956.1136243002	no rank	2697049	784	784	33	100	1	
SRR11181956.433665515	no rank	2697049	729	729	32	100	1	GCAGTTAGTGAGTGAC-1
SRR11181956.452959513	UCP53914.1	2697049	36	0	11	100	1	GCGAGAAGTCCGAATT-1
SRR11181956.1209346294	no rank	2697049	784	784	33	100	1	GATTCAGCATGCCTAA-1
SRR11181956.372040990	UJR74790.2	2697049	64	0	13	100	1	ATTATCCTCGCGATCG-1
SRR11181956.1165225989	WCL51902.1	2697049	81	0	14	100	1	ACAGCTAAGGACCACA-1
SRR11181956.509002298	UHJ15804.1	2697049	81	0	14	100	1	GGCGTGTAGGATGTAT-1
SRR11181956.666937579	no rank	2697049	729	729	32	100	1	GGTGAAGCACCGTTGG-1
SRR11181956.555657417	no rank	2697049	784	784	33	100	1	CTCACACGTTAGATGA-1
SRR11181956.1392774207	no rank	2697049	784	784	33	100	1	TGACTTTTCTGGTATG-1
SRR11181956.198394316	no rank	2697049	729	729	32	100	1	ACAGCTACATGAAGTA-1
SRR11181956.1409175278	UIA44558.1	2697049	49	36	12	100	1	TAAGAGATCGGAAACG-1
SRR11181956.970493218	no rank	2697049	49	49	12	100	1	CTACATTAGTTATCGC-1
SRR11181956.433454113	UPD46762.1	2697049	64	0	13	100	1	TCCCGATTCCAAACAC-1
SRR11181956.965861754	no rank	2697049	64	64	13	100	1	ACACCCTTCGGTTCGG-1
SRR11181956.1393127496	WFH08539.1	2697049	36	0	11	100	1	TCCACACGTACTTCTT-1
SRR11181956.593555586	no rank	2697049	784	784	33	100	1	CCACTACGTGGCAAAC-1
SRR11181956.856472225	no rank	2697049	676	676	31	100	1	
SRR11181956.1003432305	no rank	2697049	784	784	33	100	1	
SRR11181956.242821275	no rank	2697049	729	729	32	100	1	GTCACAAGTAGAAAGG-1
SRR11181956.324437335	no rank	2697049	256	256	21	100	1	GGTGAAGCACCGTTGG-1
SRR11181956.134306169	ULM66311.1	2697049	256	36	21	100	1	
SRR11181956.1258557659	no rank	2697049	729	729	32	100	1	TGACTTTTCTGGTATG-1
SRR11181956.1219514434	no rank	2697049	784	784	33	100	1	TGACTTTTCTGGTATG-1
SRR11181956.520637150	no rank	2697049	784	784	33	100	1	
SRR11181956.613565505	WBP59901.1	2697049	36	0	11	100	1	TTGCCGTTCAAGGTAA-1
SRR11181956.388552521	no rank	2697049	784	784	33	100	1	CCATTCGCACGGATAG-1
SRR11181956.1281946420	no rank	2697049	729	729	32	100	1	AAGACCTGTTCAACCA-1
SRR11181956.957555041	UHE76517.1	2697049	64	36	13	100	1	ACTTACTGTCTACCTC-1
SRR11181956.777881532	no rank	2697049	784	784	33	100	1	CTCGTCACAGAAGCAC-1
SRR11181956.404051195	UIA44558.1	2697049	81	0	14	100	1	GCTGCTTGTTGGGACA-1
SRR11181956.498194774	no rank	2697049	784	784	33	100	1	CCAATCCCAAACGTGG-1
SRR11181956.1118732199	no rank	2697049	729	729	32	100	1	TCGCGAGTCCATTCTA-1
SRR11181956.79580032	WCL51902.1	2697049	64	0	13	100	1	ACACTGACACATAACC-1
SRR11181956.766031046	no rank	2697049	784	784	33	100	1	CGTTGGGCAGTTTACG-1
SRR11181956.772140790	no rank	2697049	784	784	33	100	1	AACTTTCCAAGCGAGT-1
SRR11181956.594728498	no rank	2697049	784	784	33	100	1	GCAGTTAGTGAGTGAC-1
SRR11181956.526674555	no rank	2697049	576	576	29	100	1	GGTGAAGCACCGTTGG-1
SRR11181956.689619128	WIJ04872.1	2697049	36	0	11	100	1	
SRR11181956.148990423	no rank	2697049	729	729	32	100	1	CTGCTGTCATGAGCGA-1
SRR11181956.390571535	no rank	2697049	784	784	33	100	1	
SRR11181956.1252077995	no rank	2697049	784	784	33	100	1	CCACTACGTAGCTGCC-1
SRR11181956.1410713377	no rank	2697049	784	784	33	100	1	CGATCGGCATTACCTT-1
SRR11181956.32595650	no rank	2697049	784	784	33	100	1	GGTGAAGCACCGTTGG-1
SRR11181956.899887122	no rank	2697049	784	784	33	100	1	AAGACCTGTTCAACCA-1
SRR11181956.400454499	UIA44558.1	2697049	100	0	15	100	1	TTAGTTCAGAAGGTTT-1
SRR11181956.1244402075	no rank	2697049	784	784	33	100	1	
SRR11181956.1104930509	no rank	2697049	729	729	32	100	1	CCATTCGCACGGATAG-1
SRR11181956.839670173	no rank	2697049	784	784	33	100	1	CGTTGGGCAGTTTACG-1
SRR11181956.111494063	no rank	2697049	729	729	32	100	1	CAGTCCTCATGTCCTC-1
SRR11181956.217224798	no rank	2697049	729	729	32	100	1	ACTTACTCAAGAGTCG-1
SRR11181956.382547569	no rank	2697049	784	784	33	100	1	GGTGAAGCACCGTTGG-1
SRR11181956.472956591	no rank	2697049	784	784	33	100	1	GGTGAAGCACCGTTGG-1
SRR11181956.136103393	no rank	2697049	784	784	33	100	1	
SRR11181956.1231675478	WCP36159.1	2697049	64	0	13	100	1	CTAACTTTCGTAGGAG-1
SRR11181956.893290444	no rank	2697049	784	784	33	100	1	GCATGATTCGAGAGCA-1
SRR11181956.116823301	no rank	2697049	784	784	33	100	1	GGTGTTAGTAGCGTGA-1
SRR11181956.31525724	UIA44558.1	2697049	81	0	14	100	1	CGACTTCCACAGCCCA-1
SRR11181956.577719801	no rank	2697049	784	784	33	100	1	TGTCCCAGTTATGCGT-1
SRR11181956.1165580663	no rank	2697049	729	729	32	100	1	CTCCTAGTCAAACGGG-1
SRR11181956.1259126812	no rank	2697049	784	784	33	100	1	ACAGCTACATGAAGTA-1
SRR11181956.21360818	UNN72580.1	2697049	196	0	19	100	1	TGACTTTCACGCCAGT-1
SRR11181956.279738830	UIA44558.1	2697049	64	36	13	100	1	TAGGCATAGTTCCACA-1
SRR11181956.122278965	no rank	2697049	784	784	33	100	1	
SRR11181956.1152002105	no rank	2697049	784	784	33	100	1	CTCACACGTTAGATGA-1
SRR11181956.1059605580	UIA44558.1	2697049	64	0	13	100	1	TAAGCGTGTTCAGTAC-1
SRR11181956.319376412	no rank	2697049	64	64	13	100	1	CCGTGGAAGGCCCTTG-1
SRR11181956.281713895	UIA44558.1	2697049	100	0	15	100	1	TGCGTGGAGGGTTTCT-1
SRR11181956.1332367775	no rank	2697049	784	784	33	100	1	ATCGAGTCAGTCTTCC-1
SRR11181956.131683214	no rank	2697049	729	729	32	100	1	GGTGAAGCACCGTTGG-1
SRR11181956.104675509	UIA44558.1	2697049	64	0	13	100	1	TTGGCAAGTTCCACGG-1
SRR11181956.320964885	no rank	2697049	289	289	22	100	1	CTGTTTAGTTCGCTAA-1
SRR11181956.551427706	no rank	2697049	729	729	32	100	1	ACTTGTTAGAGCCCAA-1
SRR11181956.1335781950	no rank	2697049	784	784	33	100	1	ATCATGGAGTCCTCCT-1
SRR11181956.540437962	no rank	2697049	100	100	15	100	1	GACGTTACAAGTCATC-1
SRR11181956.306629703	no rank	2697049	81	81	14	100	1	GGTGAAGCACCGTTGG-1
SRR11181956.531768351	UIA44558.1	2697049	81	0	14	100	1	CCGGGATGTGCCTGTG-1
SRR11181956.953600470	no rank	2697049	784	784	33	100	1	
SRR11181956.563791126	no rank	2697049	64	64	13	100	1	GTGTTAGTCACGACTA-1
SRR11181956.1341401562	no rank	2697049	289	289	22	100	1	TGGGCGTAGTAAGTAC-1
SRR11181956.740366624	no rank	2697049	784	784	33	100	1	
SRR11181956.989642902	no rank	2697049	729	729	32	100	1	CATTCGCCATTAACCG-1
SRR11181956.1121241180	no rank	2697049	784	784	33	100	1	CACCTTGAGTGGCACA-1
SRR11181956.1104775715	no rank	2697049	784	784	33	100	1	TGAGAGGCAGCTGCAC-1
SRR11181956.772899728	UIA44558.1	2697049	81	0	14	100	1	CTTGGCTGTATTAGCC-1
SRR11181956.682949356	no rank	2697049	729	729	32	100	1	
SRR11181956.1075681444	no rank	2697049	784	784	33	100	1	GCTGCTTGTTGATTGC-1
SRR11181956.755227326	UJV15164.1	2697049	196	0	19	100	1	CAAGGCCAGTAGATGT-1
SRR11181956.544692613	no rank	2697049	784	784	33	100	1	
SRR11181956.1015240090	UIA44558.1	2697049	81	0	14	100	1	AGGGTGACACGGTAAG-1
SRR11181956.306705146	UIA44558.1	2697049	81	0	14	100	1	GCAGCCAAGCTGCCCA-1
SRR11181956.406067711	no rank	2697049	784	784	33	100	1	
SRR11181956.1405406299	no rank	2697049	256	256	21	100	1	CTCACACGTTAGATGA-1
SRR11181956.12074472	no rank	2697049	64	64	13	100	1	CGCCAAGTCTCGCTTG-1
SRR11181956.1378704071	no rank	2697049	784	784	33	100	1	AAGGTTCAGACTAGAT-1
SRR11181956.453361544	no rank	2697049	784	784	33	100	1	CACAAACGTCATTAGC-1
SRR11181956.856785377	ULM66311.1	2697049	400	0	25	100	1	
SRR11181956.188120696	no rank	2697049	289	289	22	100	1	GGTGAAGCACCGTTGG-1
SRR11181956.1139958365	UIA44558.1	2697049	81	0	14	100	1	
SRR11181956.870625493	UIA44558.1	2697049	100	0	15	100	1	AAGCCGCAGGGCATGT-1
SRR11181956.108452732	no rank	2697049	729	729	32	100	1	GGTGAAGCACCGTTGG-1
SRR11181956.689936456	no rank	2697049	784	784	33	100	1	CACCTTGAGTGGCACA-1
SRR11181956.894572546	no rank	2697049	676	676	31	100	1	CTCACACGTTAGATGA-1
SRR11181956.787418555	no rank	2697049	729	729	32	100	1	CGATCGGCATTACCTT-1
SRR11181956.1213499090	no rank	2697049	49	49	12	100	1	CCTTTCTGTATCACCA-1
SRR11181956.177193124	UIA44558.1	2697049	81	0	14	100	1	CGAGAAGGTAAGGATT-1
SRR11181956.308792171	no rank	2697049	784	784	33	100	1	CACCTTGTCATTTGGG-1
SRR11181956.330764646	no rank	2697049	784	784	33	100	1	ACGGGCTCACGACTCG-1
SRR11181956.535074809	no rank	2697049	784	784	33	100	1	TGTCCCAGTTATGCGT-1
SRR11181956.341899060	UIA44558.1	2697049	81	0	14	100	1	GCATGCGCAGGACCCT-1
SRR11181956.385630507	WCL51902.1	2697049	81	0	14	100	1	TGCGGGTGTGCGAAAC-1
SRR11181956.262769650	no rank	2697049	729	729	32	100	1	CTCCTAGTCAAACGGG-1
SRR11181956.569111063	no rank	2697049	784	784	33	100	1	GGCGACTAGATACACA-1
SRR11181956.273734476	no rank	2697049	729	729	32	100	1	TGAGCCGCACATTCGA-1
SRR11181956.666114191	WCL51902.1	2697049	49	0	12	100	1	CCTACCAAGTGTTGAA-1
SRR11181956.1219526699	no rank	2697049	784	784	33	100	1	CTCACACGTTAGATGA-1
SRR11181956.1108758875	no rank	2697049	729	729	32	100	1	
SRR11181956.1389263080	no rank	2697049	784	784	33	100	1	
SRR11181956.1173398263	WCL51902.1	2697049	81	0	14	100	1	CACTCCACAGTTCATG-1
SRR11181956.826151957	no rank	2697049	784	784	33	100	1	TCATTACAGCGTGAGT-1
SRR11181956.1201753689	no rank	2697049	784	784	33	100	1	
SRR11181956.39188828	WCL51902.1	2697049	36	0	11	100	1	GGGTTGCTCGCATGGC-1
SRR11181956.1123390844	no rank	2697049	49	49	12	100	1	TCAACGACATTAGGCT-1
SRR11181956.584572111	no rank	2697049	784	784	33	100	1	GCTGCTTGTTGATTGC-1
SRR11181956.80069066	P0DTD3.1	2697049	784	0	33	100	1	GGTGAAGCACCGTTGG-1
SRR11181956.548124982	no rank	2697049	324	324	23	100	1	GTGTTAGTCACGACTA-1
SRR11181956.111323723	UPD46762.1	2697049	64	0	13	100	1	TCCCGATTCCAAACAC-1
SRR11181956.1338226470	no rank	2697049	729	729	32	100	1	CACAAACGTCATTAGC-1
SRR11181956.924951320	no rank	2697049	729	729	32	100	1	CTGTTTAGTTCGCTAA-1
SRR11181956.252468906	no rank	2697049	729	729	32	100	1	TGAGCCGCACATTCGA-1
SRR11181956.297729062	UIA44558.1	2697049	100	0	15	100	1	GGACAGAGTATCAGTC-1
SRR11181956.323719015	no rank	2697049	784	784	33	100	1	
SRR11181956.1138940644	P0DTD2.1	2697049	784	0	33	100	1	ATTGGACCATCCGTGG-1
SRR11181956.982918252	no rank	2697049	100	100	15	100	1	GTGTTAGTCACGACTA-1
SRR11181956.1263939067	no rank	2697049	784	784	33	100	1	GGTGAAGCACCGTTGG-1
SRR11181956.626502423	no rank	2697049	729	729	32	100	1	CTCGTCACAGAAGCAC-1
SRR11181956.953914	no rank	2697049	784	784	33	100	1	TCTTTCCTCGACAGCC-1
SRR11181956.1216653870	no rank	2697049	81	81	14	100	1	ACTTACTAGACTAGGC-1
SRR11181956.1277884669	UJV15164.1	2697049	324	0	23	100	1	CAAGGCCAGTAGATGT-1
SRR11181956.682894940	no rank	2697049	784	784	33	100	1	CGTTGGGCAGTTTACG-1
SRR11181956.278690469	no rank	2697049	784	784	33	100	1	CCACTACGTAGCTGCC-1
SRR11181956.1059053161	no rank	2697049	729	729	32	100	1	
SRR11181956.169847250	no rank	2697049	729	729	32	100	1	
SRR11181956.1236101329	no rank	2697049	784	784	33	100	1	CAGTCCTCAAGCCGTC-1
SRR11181956.529564217	no rank	2697049	784	784	33	100	1	TGGCGCACATCGATTG-1
SRR11181956.478602319	no rank	2697049	784	784	33	100	1	GCAGTTAGTGAGTGAC-1
SRR11181956.1336106074	no rank	2697049	784	784	33	100	1	GGTGAAGCACCGTTGG-1
SRR11181956.625619045	no rank	2697049	289	289	22	100	1	AAACGGGTCAACACGT-1
SRR11181956.434485963	no rank	2697049	729	729	32	100	1	AGATCTGTCTAACTGG-1
SRR11181956.323998504	UIA44558.1	2697049	100	0	15	100	1	GGGATGATCGTCCAGG-1
SRR11181956.307430845	no rank	2697049	289	289	22	100	1	ACTTACTCAAGAGTCG-1
SRR11181956.739879170	no rank	2697049	729	729	32	100	1	AGATCTGTCTAACTGG-1
SRR11181956.1007137668	no rank	2697049	729	729	32	100	1	
SRR11181956.476431166	no rank	2697049	289	289	22	100	1	
SRR11181956.730146438	UIA44558.1	2697049	81	0	14	100	1	TGACTAGGTAGGGACT-1
SRR11181956.26932762	WFH08539.1	2697049	36	0	11	100	1	TCGTACCAGCGAAGGG-1
SRR11181956.1317988421	no rank	2697049	784	784	33	100	1	GTGCGGTAGAATGTGT-1
SRR11181956.967062466	no rank	2697049	784	784	33	100	1	GGTGAAGCACCGTTGG-1
SRR11181956.162364406	no rank	2697049	400	400	25	100	1	GCCTCTAAGGGTATCG-1
SRR11181956.64888614	no rank	2697049	729	729	32	100	1	
SRR11181956.35199668	WCL51902.1	2697049	64	0	13	100	1	TCTTTCCGTCAACATC-1
SRR11181956.73408618	no rank	2697049	784	784	33	100	1	TACTTACTCCGTACAA-1
SRR11181956.1129154660	no rank	2697049	729	729	32	100	1	CAGTCCTCATGTCCTC-1
SRR11181956.329404721	no rank	2697049	729	729	32	100	1	TGACTTTTCTGGTATG-1
SRR11181956.534478185	UIA44558.1	2697049	81	0	14	100	1	GGTGAAGGTAATCACC-1
SRR11181956.277312235	no rank	2697049	625	625	30	100	1	ATCGAGTCAGTCTTCC-1
SRR11181956.187955776	no rank	2697049	784	784	33	100	1	
SRR11181956.721406446	no rank	2697049	36	36	11	100	1	ACATACGGTTCCAACA-1
SRR11181956.979173528	no rank	2697049	81	81	14	100	1	CACATTTAGCCCAACC-1
SRR11181956.263026105	no rank	2697049	784	784	33	100	1	CACCTTGTCATTTGGG-1
SRR11181956.320045340	no rank	2697049	100	100	15	100	1	AGGTCATCATCCCACT-1
SRR11181956.644363507	WCL51902.1	2697049	100	0	15	100	1	CAACCAAAGCTATGCT-1
SRR11181956.1400213264	UHN17730.1	2697049	36	0	11	100	1	
SRR11181956.97870954	no rank	2697049	729	729	32	100	1	CGGACTGCATTACCTT-1
SRR11181956.805542410	no rank	2697049	784	784	33	100	1	
SRR11181956.155367410	no rank	2697049	729	729	32	100	1	ACAGCTACATGAAGTA-1
SRR11181956.426166618	WCL51902.1	2697049	36	0	11	100	1	TGCCCTATCCGCAGTG-1
SRR11181956.210691443	no rank	2697049	484	484	27	100	1	GTGTTAGTCACGACTA-1
SRR11181956.713723347	no rank	2697049	144	144	17	100	1	CTCCTAGCATTGTGCA-1
SRR11181956.990858385	WCL51902.1	2697049	64	0	13	100	1	TTATGCTGTTAAGACA-1
SRR11181956.925986098	UIA44558.1	2697049	100	0	15	100	1	GTATTCTCAGCCAATT-1
SRR11181956.1143359178	UIA44558.1	2697049	100	0	15	100	1	GCGAGAAAGGGATACC-1
SRR11181956.169801681	WCL51902.1	2697049	81	0	14	100	1	TCCACACTCCCAACGG-1
SRR11181956.35186287	WCL51902.1	2697049	81	0	14	100	1	CAAGAAAAGACACGAC-1
SRR11181956.80431303	UFQ73182.1	2697049	100	0	15	100	1	GTGTTAGTCACGACTA-1
SRR11181956.695590202	no rank	2697049	625	625	30	100	1	CGATCGGCATTACCTT-1
SRR11181956.543015779	ULM66311.1	2697049	400	0	25	100	1	
SRR11181956.1240415228	UIA44558.1	2697049	81	0	14	100	1	CCTACACGTCCGTCAG-1
SRR11181956.1089731464	no rank	2697049	784	784	33	100	1	TGAGCCGCACATTCGA-1
SRR11181956.1164736713	no rank	2697049	36	36	11	100	1	GCAGCCAAGAGTAATC-1
SRR11181956.960623256	no rank	2697049	784	784	33	100	1	
SRR11181956.253325934	no rank	2697049	729	729	32	100	1	GGTGAAGCACCGTTGG-1
SRR11181956.63759451	no rank	2697049	784	784	33	100	1	
SRR11181956.8185992	no rank	2697049	784	784	33	100	1	TGGCGCATCCGGGTGT-1
SRR11181956.456877389	no rank	2697049	729	729	32	100	1	CGGACTGCATTACCTT-1
SRR11181956.48173199	no rank	2697049	729	729	32	100	1	ATGCGATTCACAAACC-1
SRR11181956.122012233	no rank	2697049	81	81	14	100	1	GTGTTAGTCACGACTA-1
SRR11181956.841168885	no rank	2697049	729	729	32	100	1	
SRR11181956.837545003	no rank	2697049	729	729	32	100	1	CACATTTAGCCCAACC-1
SRR11181956.384409612	no rank	2697049	784	784	33	100	1	GGGTCTGGTATATGGA-1
SRR11181956.1027697480	no rank	2697049	784	784	33	100	1	
SRR11181956.154520354	UIA44558.1	2697049	100	0	15	100	1	GCCAAATGTCATACTG-1
SRR11181956.811450313	ULM66311.1	2697049	324	0	23	100	1	
SRR11181956.137294901	no rank	2697049	361	361	24	100	1	CTGTTTAGTTCGCTAA-1
SRR11181956.234602547	no rank	2697049	784	784	33	100	1	GGTGAAGCACCGTTGG-1
SRR11181956.240868373	no rank	2697049	784	784	33	100	1	CACATTTAGCCCAACC-1
SRR11181956.1279323535	no rank	2697049	784	784	33	100	1	CGTTGGGCAGTTTACG-1
SRR11181956.728842987	WCL51902.1	2697049	49	0	12	100	1	CGGACTGAGTCTCAAC-1
SRR11181956.625589690	no rank	2697049	784	784	33	100	1	
SRR11181956.864151421	no rank	2697049	784	784	33	100	1	GGTGAAGCACCGTTGG-1
SRR11181956.787928080	WCL51902.1	2697049	81	0	14	100	1	ATTTCTGGTCTGCAAT-1
SRR11181956.1163155124	no rank	2697049	729	729	32	100	1	TCGCGAGTCCATTCTA-1
SRR11181956.525373474	no rank	2697049	81	81	14	100	1	GGACAAGCACCTCGGA-1
SRR11181956.850760368	no rank	2697049	784	784	33	100	1	CTCACACGTTAGATGA-1
SRR11181956.289498628	no rank	2697049	729	729	32	100	1	
SRR11181956.1273895416	no rank	2697049	81	81	14	100	1	GCCAAATCACCATCCT-1
SRR11181956.251371031	no rank	2697049	784	784	33	100	1	CCGTTCAGTAGCGTAG-1
SRR11181956.822791309	no rank	2697049	729	729	32	100	1	ACAGCTACATGAAGTA-1
SRR11181956.673963366	no rank	2697049	361	361	24	100	1	GGTGAAGCACCGTTGG-1
SRR11181956.312442272	no rank	2697049	784	784	33	100	1	AAGACCTAGATGGCGT-1
SRR11181956.1150343485	no rank	2697049	784	784	33	100	1	GAACATCAGCCGTCGT-1
SRR11181956.340572103	no rank	2697049	576	576	29	100	1	GGTGAAGCACCGTTGG-1
SRR11181956.740619285	UIA44558.1	2697049	81	0	14	100	1	CCTCTGATCACTCTTA-1
SRR11181956.1010105468	no rank	2697049	729	729	32	100	1	TGAGCCGCACATTCGA-1
SRR11181956.755500482	no rank	2697049	784	784	33	100	1	GCTGCTTGTTGATTGC-1
SRR11181956.459261337	no rank	2697049	784	784	33	100	1	
SRR11181956.1219990461	no rank	2697049	729	729	32	100	1	ATGCGATTCACAAACC-1
SRR11181956.360131040	no rank	2697049	729	729	32	100	1	CAGGTGCGTGCGGTAA-1
SRR11181956.552458861	no rank	2697049	729	729	32	100	1	GACCAATGTTAGTGGG-1
SRR11181956.939014219	no rank	2697049	784	784	33	100	1	CCACTACGTGGCAAAC-1
SRR11181956.1319585351	no rank	2697049	784	784	33	100	1	ACAGCCGCAGTGACAG-1
SRR11181956.425391893	no rank	2697049	784	784	33	100	1	CACCTTGAGTGGCACA-1
SRR11181956.928483750	no rank	2697049	784	784	33	100	1	GGTGAAGCACCGTTGG-1
SRR11181956.749261237	no rank	2697049	729	729	32	100	1	
SRR11181956.575756984	no rank	2697049	100	100	15	100	1	AACTTTCCAAGCGAGT-1
SRR11181956.660610488	no rank	2697049	784	784	33	100	1	CTCACACGTTAGATGA-1
SRR11181956.390197166	no rank	2697049	784	784	33	100	1	CACCTTGTCATTTGGG-1
SRR11181956.897122624	no rank	2697049	729	729	32	100	1	CCAGCGATCGACGGAA-1
SRR11181956.294014708	no rank	2697049	324	324	23	100	1	GTGCGGTGTACCGTAT-1
SRR11181956.831710845	no rank	2697049	784	784	33	100	1	ACTTACTCAAGAGTCG-1
SRR11181956.1017077030	no rank	2697049	784	784	33	100	1	
SRR11181956.222371914	no rank	2697049	784	784	33	100	1	CTCACACGTTAGATGA-1
SRR11181956.887738092	no rank	2697049	729	729	32	100	1	TGAGAGGCAGCTGCAC-1
SRR11181956.1052603635	no rank	2697049	729	729	32	100	1	CTGTTTAGTTCGCTAA-1
SRR11181956.1042108854	no rank	2697049	81	81	14	100	1	AAGGCAGAGTTCGCGC-1
SRR11181956.104260556	no rank	2697049	784	784	33	100	1	GTGTTAGTCACGACTA-1
SRR11181956.564557831	no rank	2697049	784	784	33	100	1	TGAGAGGCAGCTGCAC-1
SRR11181956.796590778	no rank	2697049	784	784	33	100	1	CAGGTGCGTGCGGTAA-1
SRR11181956.830181248	no rank	2697049	729	729	32	100	1	
SRR11181956.446823381	no rank	2697049	784	784	33	100	1	
SRR11181956.545254598	no rank	2697049	324	324	23	100	1	GCTGCTTGTGATGATA-1
SRR11181956.1128735213	no rank	2697049	784	784	33	100	1	GTAGGCCAGTGCCAGA-1
SRR11181956.688160261	no rank	2697049	729	729	32	100	1	
SRR11181956.833903853	no rank	2697049	729	729	32	100	1	
SRR11181956.271969008	no rank	2697049	784	784	33	100	1	GAAGCAGGTCTCTTAT-1
SRR11181956.736486531	UIA44558.1	2697049	81	0	14	100	1	TAAACCGAGCGATAGC-1
SRR11181956.638181942	no rank	2697049	64	64	13	100	1	ACACCCTTCGGTTCGG-1
SRR11181956.1395010209	UIA44558.1	2697049	49	0	12	100	1	TGCCCATAGTGTACCT-1
SRR11181956.1199512176	WCL51902.1	2697049	64	0	13	100	1	CTCAGAATCAGCGATT-1
SRR11181956.96889785	no rank	2697049	49	49	12	100	1	CTGATAGCATGAGCGA-1
SRR11181956.1242871558	no rank	2697049	784	784	33	100	1	CTCGAAAGTTCAACCA-1
SRR11181956.197375308	no rank	2697049	784	784	33	100	1	CCATTCGCACGGATAG-1
SRR11181956.334862419	UIA44558.1	2697049	81	0	14	100	1	ACTGCTCTCCTTCAAT-1
SRR11181956.587754754	no rank	2697049	36	36	11	100	1	CACATTTAGCCCAACC-1
SRR11181956.1415531026	no rank	2697049	729	729	32	100	1	TGCACCTGTAATCGTC-1
SRR11181956.982270367	UIA44558.1	2697049	100	0	15	100	1	GTTCATTAGACGCAAC-1
SRR11181956.860352178	no rank	2697049	784	784	33	100	1	TGTGGTATCTGTCCGT-1
SRR11181956.616295573	no rank	2697049	729	729	32	100	1	CACATTTAGCCCAACC-1
SRR11181956.1343157641	UIA44558.1	2697049	81	0	14	100	1	AGCTTGATCAATCTCT-1
SRR11181956.985025293	UIA44558.1	2697049	100	0	15	100	1	CGAGAAGCAGATAATG-1
SRR11181956.659145652	no rank	2697049	36	36	11	100	1	AAACGGGCACGGCCAT-1
SRR11181956.119391193	UIA44558.1	2697049	100	0	15	100	1	GTATTCTCAGCCAATT-1
SRR11181956.175429575	no rank	2697049	784	784	33	100	1	
SRR11181956.1191480021	no rank	2697049	784	784	33	100	1	
SRR11181956.551351120	no rank	2697049	784	784	33	100	1	AGCAGCCTCACAGTAC-1
SRR11181956.5099679	WCL51902.1	2697049	100	0	15	100	1	CGAGCACCACAGGAGT-1
SRR11181956.1264001508	no rank	2697049	784	784	33	100	1	GGTGAAGCACCGTTGG-1
SRR11181956.484751767	no rank	2697049	784	784	33	100	1	ACAGCTACATGAAGTA-1
SRR11181956.1216196734	no rank	2697049	729	729	32	100	1	TGCACCTGTAATCGTC-1
SRR11181956.1102763381	no rank	2697049	784	784	33	100	1	GGTGAAGCACCGTTGG-1
SRR11181956.203994561	UIA44558.1	2697049	81	0	14	100	1	ACCGTAAAGTGAAGAG-1
SRR11181956.1345941025	no rank	2697049	81	81	14	100	1	GGGATGAGTAGAAAGG-1
SRR11181956.909036516	no rank	2697049	729	729	32	100	1	
SRR11181956.1055559753	UPD46762.1	2697049	64	0	13	100	1	CTTCTCTGTTGTCGCG-1
SRR11181956.754101919	no rank	2697049	784	784	33	100	1	GTGCGGTAGAATGTGT-1
SRR11181956.11928275	no rank	2697049	81	81	14	100	1	CTGGTCTTCGGCTACG-1
SRR11181956.1271200801	no rank	2697049	784	784	33	100	1	CTCGAAAGTTCAACCA-1
SRR11181956.117456094	no rank	2697049	784	784	33	100	1	CAGTCCTCAAGCCGTC-1
SRR11181956.1307785177	WCL51902.1	2697049	81	0	14	100	1	GGTGTTAGTAGCGTCC-1
SRR11181956.915943279	no rank	2697049	729	729	32	100	1	
SRR11181956.559290020	no rank	2697049	484	484	27	100	1	GTGTTAGTCACGACTA-1
SRR11181956.168303994	no rank	2697049	784	784	33	100	1	CCGTTCACACGCATCG-1
SRR11181956.911727089	no rank	2697049	400	400	25	100	1	ATCATGGAGTCCTCCT-1
SRR11181956.1295370425	no rank	2697049	784	784	33	100	1	TGAGCCGCACATTCGA-1
SRR11181956.1265669948	WCL51902.1	2697049	81	0	14	100	1	TTCCCAGTCAGTGCAT-1
SRR11181956.1405309480	UIA33858.1	2697049	576	0	29	100	1	GCCTCTACACGGTTTA-1
SRR11181956.465170302	no rank	2697049	784	784	33	100	1	CCACTACGTAGCTGCC-1
SRR11181956.379324104	no rank	2697049	784	784	33	100	1	GGTGAAGCACCGTTGG-1
SRR11181956.305027848	no rank	2697049	784	784	33	100	1	TGTCCCAGTTATGCGT-1
SRR11181956.264754351	no rank	2697049	784	784	33	100	1	TGGGCGTAGTAAGTAC-1
SRR11181956.763296425	no rank	2697049	784	784	33	100	1	TGGCGCACATCGATTG-1
SRR11181956.935415433	no rank	2697049	729	729	32	100	1	TGTGTTTCACGAGAGT-1
SRR11181956.689625146	no rank	2697049	289	289	22	100	1	
SRR11181956.747162525	no rank	2697049	784	784	33	100	1	CTCACACGTTAGATGA-1
SRR11181956.1125998906	UIA44558.1	2697049	100	0	15	100	1	GTATTCTCAGCCAATT-1
SRR11181956.745210449	no rank	2697049	784	784	33	100	1	ACAGCCGCAGTGACAG-1
SRR11181956.860298625	no rank	2697049	729	729	32	100	1	CACCTTGAGTGGCACA-1
SRR11181956.868366505	no rank	2697049	784	784	33	100	1	GGTGAAGCACCGTTGG-1
SRR11181956.283586802	no rank	2697049	784	784	33	100	1	CCGTTCACACGCATCG-1
SRR11181956.144622361	no rank	2697049	729	729	32	100	1	TGACTTTTCTGGTATG-1
SRR11181956.1246616936	no rank	2697049	784	784	33	100	1	CGATCGGCATTACCTT-1
SRR11181956.463386390	WCL51902.1	2697049	49	0	12	100	1	TAGTGGTCAAAGTGCG-1
SRR11181956.714386341	WCL51902.1	2697049	64	0	13	100	1	ACGGAGAAGCGATAGC-1
SRR11181956.361945896	no rank	2697049	784	784	33	100	1	TGACTTTCACGCCAGT-1
SRR11181956.301910996	no rank	2697049	784	784	33	100	1	GTGCGGTAGGGCTTGA-1
SRR11181956.271287018	no rank	2697049	729	729	32	100	1	CTCGTCACAGAAGCAC-1
SRR11181956.318594463	no rank	2697049	81	81	14	100	1	GGTGAAGCACCGTTGG-1
SRR11181956.1163344384	no rank	2697049	784	784	33	100	1	GGTGAAGCACCGTTGG-1
SRR11181956.953523289	no rank	2697049	729	729	32	100	1	ACAGCTACATGAAGTA-1
SRR11181956.956983136	no rank	2697049	784	784	33	100	1	
SRR11181956.424729975	no rank	2697049	784	784	33	100	1	
SRR11181956.911217969	no rank	2697049	729	729	32	100	1	GGCGACTAGATACACA-1
SRR11181956.126560502	UIA44558.1	2697049	81	0	14	100	1	GTACGTAAGTGAATTG-1
SRR11181956.560225523	WCL51902.1	2697049	81	0	14	100	1	CAAGAAAAGACACGAC-1
SRR11181956.1231345716	no rank	2697049	784	784	33	100	1	TGAGCCGCACATTCGA-1
SRR11181956.940163215	no rank	2697049	676	676	31	100	1	
SRR11181956.1039029252	no rank	2697049	784	784	33	100	1	CTCACACGTTAGATGA-1
SRR11181956.1230757628	no rank	2697049	784	784	33	100	1	CTCGAAAGTTCAACCA-1
SRR11181956.1147293625	no rank	2697049	784	784	33	100	1	TTTATGCCAGGTTTCA-1
SRR11181956.340903145	no rank	2697049	784	784	33	100	1	CACAAACGTCATTAGC-1
SRR11181956.1224751400	no rank	2697049	100	100	15	100	1	GATCGATAGATATGCA-1
SRR11181956.176512877	no rank	2697049	729	729	32	100	1	ACAGCCGCAGTGACAG-1
SRR11181956.860918154	no rank	2697049	729	729	32	100	1	AAGACCTAGATGGCGT-1
SRR11181956.298142757	no rank	2697049	324	324	23	100	1	
SRR11181956.343081861	no rank	2697049	361	361	24	100	1	TGACTTTCACGCCAGT-1
SRR11181956.657734593	no rank	2697049	784	784	33	100	1	GCAGTTAGTGAGTGAC-1
SRR11181956.1384990955	UIA44558.1	2697049	100	0	15	100	1	GATCTAGGTATAGTAG-1
SRR11181956.1408482060	no rank	2697049	361	361	24	100	1	
SRR11181956.686581232	no rank	2697049	36	36	11	100	1	CATCCACTCTAGCACA-1
SRR11181956.482695694	no rank	2697049	729	729	32	100	1	GCAGTTAGTGAGTGAC-1
SRR11181956.1977553	QZK55506.1	2697049	64	0	13	100	1	TCACGAAGTCTCTCTG-1
SRR11181956.1193386959	no rank	2697049	36	36	11	100	1	TACAGTGTCATACGGT-1
SRR11181956.869265096	no rank	2697049	784	784	33	100	1	TGCACCTGTAATCGTC-1
SRR11181956.179924903	UIA44558.1	2697049	81	0	14	100	1	
SRR11181956.106640672	no rank	2697049	100	100	15	100	1	AGGGTGACAGTCAGCC-1
SRR11181956.421774056	WCL51902.1	2697049	64	0	13	100	1	ACCGTAAGTCCTAGCG-1
SRR11181956.1195769207	UIA44558.1	2697049	100	0	15	100	1	AGCTCTCAGAGCAATT-1
SRR11181956.38433121	no rank	2697049	784	784	33	100	1	
SRR11181956.1263091732	no rank	2697049	784	784	33	100	1	CTCCTAGTCAAACGGG-1
SRR11181956.29788172	UHB00181.1	2697049	36	0	11	100	1	CGAATGTGTGAGGGAG-1
SRR11181956.251200	no rank	2697049	729	729	32	100	1	CACCTTGAGTGGCACA-1
SRR11181956.950172664	WCL51902.1	2697049	81	0	14	100	1	CCTACACCATCCCACT-1
SRR11181956.127602007	UIA44558.1	2697049	100	0	15	100	1	AGACGTTCAGATCTGT-1
SRR11181956.1299162308	UIA44558.1	2697049	100	0	15	100	1	ACAGCCGAGAGATGAG-1
SRR11181956.211348550	no rank	2697049	36	36	11	100	1	TGAGAGGTCACTTACT-1
SRR11181956.672760409	UDW25588.1	2697049	441	0	26	100	1	CCGTTCACACGCATCG-1
SRR11181956.248118629	UJR74790.2	2697049	64	0	13	100	1	TACACGAGTACATCCA-1
SRR11181956.1028487260	no rank	2697049	625	625	30	100	1	GTGTTAGTCACGACTA-1
SRR11181956.1415424938	no rank	2697049	81	81	14	100	1	GGTGAAGCACCGTTGG-1
SRR11181956.548554587	no rank	2697049	784	784	33	100	1	TTAACTCCAACACCCG-1
SRR11181956.1294683163	no rank	2697049	729	729	32	100	1	ACAGCTACATGAAGTA-1
SRR11181956.1229340081	no rank	2697049	784	784	33	100	1	CGTTGGGTCAGAAATG-1
SRR11181956.224632223	WCL51902.1	2697049	64	0	13	100	1	TACGGGCTCTGCTTGC-1
SRR11181956.1038812006	no rank	2697049	784	784	33	100	1	GGTGTTAGTAGCGTGA-1
SRR11181956.527938177	UIA44558.1	2697049	81	0	14	100	1	TCGAGGCTCCTGTAGA-1
SRR11181956.1110423029	UIA44558.1	2697049	81	0	14	100	1	ACGGAGACATCGGACC-1
SRR11181956.849673850	UIA44558.1	2697049	81	0	14	100	1	AATCCAGCACTTCTGC-1
SRR11181956.1081979187	no rank	2697049	784	784	33	100	1	
SRR11181956.811673439	UIA44558.1	2697049	100	0	15	100	1	GCCTCTAAGCCAGTTT-1
SRR11181956.1013829842	WCL51902.1	2697049	81	0	14	100	1	TGAGCATGTTGGACCC-1
SRR11181956.191816374	no rank	2697049	784	784	33	100	1	AAGACCTAGATGGCGT-1
SRR11181956.996148259	no rank	2697049	784	784	33	100	1	
SRR11181956.669185502	no rank	2697049	784	784	33	100	1	ACTTACTAGACTAGGC-1
SRR11181956.247737074	no rank	2697049	729	729	32	100	1	GGTGAAGCACCGTTGG-1
SRR11181956.682562489	no rank	2697049	361	361	24	100	1	TCGCGAGTCCATTCTA-1
SRR11181956.1402527826	UEU50622.1	2697049	49	0	12	100	1	GAACGGACAATAGCAA-1
SRR11181956.630959563	WCL51902.1	2697049	64	0	13	100	1	ACACTGACACATAACC-1
SRR11181956.340501890	P0DTD3.1	2697049	784	0	33	100	1	CCGTTCACACGCATCG-1
SRR11181956.565807910	no rank	2697049	784	784	33	100	1	TGACTTTCACGCCAGT-1
SRR11181956.474549030	no rank	2697049	81	81	14	100	1	
SRR11181956.849450996	no rank	2697049	676	676	31	100	1	
SRR11181956.685176567	no rank	2697049	64	64	13	100	1	CCATGTCGTACCATCA-1
SRR11181956.435626797	UIA44558.1	2697049	81	0	14	100	1	CGTCAGGTCCCGACTT-1
SRR11181956.238012233	no rank	2697049	729	729	32	100	1	
SRR11181956.1126426805	no rank	2697049	784	784	33	100	1	
SRR11181956.393870943	no rank	2697049	784	784	33	100	1	
SRR11181956.1242046999	no rank	2697049	100	100	15	100	1	GCACATAGTGGGTATG-1
SRR11181956.998383328	WRY79273.1	2697049	49	36	12	100	1	CGATTGACACAACTGT-1
SRR11181956.729404379	WCL51902.1	2697049	64	0	13	100	1	TCATTTGTCAGAGCTT-1
SRR11181956.541913297	UIA44558.1	2697049	100	0	15	100	1	CTAGCCTAGAGGTTGC-1
SRR11181956.1033125981	P0DTD2.1	2697049	784	0	33	100	1	CCAATCCCAAACGTGG-1
SRR11181956.715048075	no rank	2697049	289	289	22	100	1	GTGTTAGTCACGACTA-1
SRR11181956.264600423	no rank	2697049	784	784	33	100	1	TACTTACTCCGTACAA-1
SRR11181956.1393508689	no rank	2697049	784	784	33	100	1	GGTGAAGCACCGTTGG-1
SRR11181956.1364144931	WCL51902.1	2697049	100	0	15	100	1	CTACATTAGTACACCT-1
SRR11181956.774060259	UIA44558.1	2697049	100	0	15	100	1	CTGGTCTAGGTCGGAT-1
SRR11181956.6159511	UIA44558.1	2697049	81	0	14	100	1	GTCAAGTGTCTAGCGC-1
SRR11181956.862753017	no rank	2697049	784	784	33	100	1	
SRR11181956.62282707	no rank	2697049	784	784	33	100	1	ATCGAGTAGCACGCCT-1
SRR11181956.778542344	no rank	2697049	729	729	32	100	1	ATCGAGTAGCACGCCT-1
SRR11181956.167895507	no rank	2697049	729	729	32	100	1	ATGCGATTCACAAACC-1
SRR11181956.1261822903	no rank	2697049	784	784	33	100	1	CTCACACGTTAGATGA-1
SRR11181956.580141808	no rank	2697049	49	49	12	100	1	CACATTTAGCCCAACC-1
SRR11181956.807658893	no rank	2697049	81	81	14	100	1	TTCTCAAAGAGCAATT-1
SRR11181956.134851745	no rank	2697049	729	729	32	100	1	CTGTTTAGTTCGCTAA-1
SRR11181956.1353208444	no rank	2697049	729	729	32	100	1	CACATTTAGCCCAACC-1
SRR11181956.1155538632	WCL51902.1	2697049	64	0	13	100	1	CGGTTAAGTTCATGGT-1
SRR11181956.1383002432	WCL51902.1	2697049	64	0	13	100	1	CCGTTCAGTATAGGGC-1
SRR11181956.732989085	no rank	2697049	784	784	33	100	1	ACAGCCGCAGTGACAG-1
SRR11181956.1349790056	no rank	2697049	784	784	33	100	1	GCAGTTAGTGAGTGAC-1
SRR11181956.536400840	no rank	2697049	784	784	33	100	1	CTGCTGTCATGAGCGA-1
SRR11181956.107828034	BFN56241.1	2697049	49	0	12	100	1	GGTATTGTCCTAGAAC-1
SRR11181956.1065680275	no rank	2697049	729	729	32	100	1	CACCTTGAGTGGCACA-1
SRR11181956.197615409	no rank	2697049	784	784	33	100	1	ACTTACTAGACTAGGC-1
SRR11181956.598050112	UJR74790.2	2697049	64	0	13	100	1	TGCGCAGCACATTCGA-1
SRR11181956.1093434172	no rank	2697049	784	784	33	100	1	
SRR11181956.768282213	WCL51902.1	2697049	81	0	14	100	1	GTGGGTCCAGTGACAG-1
SRR11181956.1348658075	no rank	2697049	100	100	15	100	1	ACAGCCGCACTCTGTC-1
SRR11181956.34064631	no rank	2697049	49	49	12	100	1	GGAACTTAGATGTTAG-1
SRR11181956.750695642	WCL51902.1	2697049	100	0	15	100	1	CTAACTTCATTAGGCT-1
SRR11181956.71227019	no rank	2697049	784	784	33	100	1	GGTGAAGCACCGTTGG-1
SRR11181956.493966280	no rank	2697049	49	49	12	100	1	CGATTGACAATCGAAA-1
SRR11181956.864881802	no rank	2697049	784	784	33	100	1	GGTGAAGCACCGTTGG-1
SRR11181956.193342290	WCL51902.1	2697049	81	0	14	100	1	CGGACGTTCCTCCTAG-1
SRR11181956.1370031639	no rank	2697049	100	100	15	100	1	TGACTTTGTCTAGAGG-1
SRR11181956.980759311	no rank	2697049	784	784	33	100	1	TGAGCCGCACATTCGA-1
SRR11181956.1285723083	no rank	2697049	784	784	33	100	1	TCATTACAGCGTGAGT-1
SRR11181956.188094649	no rank	2697049	784	784	33	100	1	TGGCGCATCCGGGTGT-1
SRR11181956.484838092	no rank	2697049	324	324	23	100	1	TTTATGCCAGGTTTCA-1
SRR11181956.634182318	no rank	2697049	784	784	33	100	1	GGTGTTAGTAGCGTGA-1
SRR11181956.1257780686	no rank	2697049	121	121	16	100	1	
SRR11181956.687841426	UYL22211.1	2697049	36	0	11	100	1	
SRR11181956.612458520	no rank	2697049	729	729	32	100	1	GGTGAAGCACCGTTGG-1
SRR11181956.1080759346	no rank	2697049	784	784	33	100	1	TGGGCGTAGTAAGTAC-1
SRR11181956.548553445	no rank	2697049	784	784	33	100	1	CACATTTAGCCCAACC-1
SRR11181956.1226740096	WCL51902.1	2697049	81	0	14	100	1	GGATGTTTCATCGGAT-1
SRR11181956.484524390	no rank	2697049	784	784	33	100	1	GGTGAAGCACCGTTGG-1
SRR11181956.686801908	no rank	2697049	784	784	33	100	1	CACCTTGAGTGGCACA-1
SRR11181956.376761265	no rank	2697049	784	784	33	100	1	GGTGAAGCACCGTTGG-1
SRR11181956.541724665	no rank	2697049	100	100	15	100	1	CACATTTAGCCCAACC-1
SRR11181956.194018230	WBP59901.1	2697049	36	0	11	100	1	ATTGGACTCTACTATC-1
SRR11181956.535517037	no rank	2697049	784	784	33	100	1	GGTGTTAGTAGCGTGA-1
SRR11181956.946034167	no rank	2697049	100	100	15	100	1	GACGTGCTCCTCCTAG-1
SRR11181956.380968722	no rank	2697049	729	729	32	100	1	TGAGCCGCACATTCGA-1
SRR11181956.279533377	UHJ15804.1	2697049	81	0	14	100	1	ACTGAGTCAGGGCATA-1
SRR11181956.939851682	no rank	2697049	324	324	23	100	1	CGTTGGGCAGTTTACG-1
SRR11181956.8955383	P0DTD3.1	2697049	784	0	33	100	1	ACGGGCTCACGACTCG-1
SRR11181956.1067965735	WCL51902.1	2697049	64	0	13	100	1	CAAGTTGAGTGCAAGC-1
SRR11181956.657692431	no rank	2697049	729	729	32	100	1	
SRR11181956.684722916	no rank	2697049	64	64	13	100	1	CTGCTGTCATGAGCGA-1
SRR11181956.403145820	no rank	2697049	729	729	32	100	1	CAGTCCTCAAGCCGTC-1
SRR11181956.1372716486	no rank	2697049	784	784	33	100	1	
SRR11181956.776687447	QSW00410.1	2697049	729	0	32	100	1	GTGCGGTGTACCGTAT-1
SRR11181956.1197813426	no rank	2697049	81	81	14	100	1	TTCCCAGCACACGCTG-1
SRR11181956.387528115	no rank	2697049	784	784	33	100	1	ATGCGATTCACAAACC-1
SRR11181956.1214232690	no rank	2697049	784	784	33	100	1	CAGTCCTCATGTCCTC-1
SRR11181956.771952540	UIA44558.1	2697049	64	0	13	100	1	ATCATGGCATCCCACT-1
SRR11181956.1154323928	no rank	2697049	625	625	30	100	1	ACATACGTCAGTGTTG-1
SRR11181956.292896016	no rank	2697049	784	784	33	100	1	
SRR11181956.482523288	UIA44558.1	2697049	81	0	14	100	1	CATTATCTCATCACCC-1
SRR11181956.1304066181	no rank	2697049	784	784	33	100	1	GGTGAAGCACCGTTGG-1
SRR11181956.439960189	no rank	2697049	289	289	22	100	1	CACATTTAGCCCAACC-1
SRR11181956.422505216	no rank	2697049	49	49	12	100	1	ATCGAGTCAGCTCGCA-1
SRR11181956.72800237	no rank	2697049	729	729	32	100	1	GGTGAAGCACCGTTGG-1
SRR11181956.509763274	no rank	2697049	784	784	33	100	1	ACTTACTCAAGAGTCG-1
SRR11181956.1121303537	no rank	2697049	784	784	33	100	1	TGAGCCGCACATTCGA-1
SRR11181956.737757308	no rank	2697049	289	289	22	100	1	AACTTTCCAAGCGAGT-1
SRR11181956.613116875	no rank	2697049	784	784	33	100	1	
SRR11181956.1304918852	no rank	2697049	729	729	32	100	1	CACCTTGAGTGGCACA-1
SRR11181956.655167739	no rank	2697049	784	784	33	100	1	GCATGATTCGAGAGCA-1
SRR11181956.55474140	no rank	2697049	81	81	14	100	1	GGATTACCAAAGTCAA-1
SRR11181956.368027128	no rank	2697049	784	784	33	100	1	
SRR11181956.201633036	no rank	2697049	784	784	33	100	1	ACAGCTACATGAAGTA-1
SRR11181956.110165706	UIA44558.1	2697049	100	0	15	100	1	ATTGGACCACAGATTC-1
SRR11181956.1274319639	no rank	2697049	784	784	33	100	1	TCTTTCCTCGACAGCC-1
SRR11181956.778887166	no rank	2697049	81	81	14	100	1	CTCCTAGCATTGTGCA-1
SRR11181956.852102473	no rank	2697049	784	784	33	100	1	CACATTTAGCCCAACC-1
SRR11181956.410810925	no rank	2697049	784	784	33	100	1	
SRR11181956.1332277236	no rank	2697049	784	784	33	100	1	AAGACCTGTTCAACCA-1
SRR11181956.1376013611	UNN72580.1	2697049	576	0	29	100	1	TGACTTTCACGCCAGT-1
SRR11181956.866055805	no rank	2697049	729	729	32	100	1	GCAGTTAGTGAGTGAC-1
SRR11181956.276876464	no rank	2697049	784	784	33	100	1	CCGTTCAGTAGCGTAG-1
SRR11181956.19277906	UIA44558.1	2697049	81	0	14	100	1	AGGTCCGGTAATAGCA-1
SRR11181956.1349931047	UIA44558.1	2697049	81	0	14	100	1	CCTTTCTAGCTTTGGT-1
SRR11181956.1230429120	no rank	2697049	784	784	33	100	1	
SRR11181956.1389130793	no rank	2697049	784	784	33	100	1	
SRR11181956.688534746	no rank	2697049	784	784	33	100	1	GTGCGGTAGAATGTGT-1
SRR11181956.546230690	no rank	2697049	729	729	32	100	1	
SRR11181956.762284529	no rank	2697049	784	784	33	100	1	CAGTCCTCAAGCCGTC-1
